Sector_Type,Sector,Cluster,Site_Count,Enterprise_Count,Employment,Turnover,RD&I_Active,Percentage_Innovation_Active,Percentage_IUK_or_UKRI_Engagement,Percentage_with_Patent,IUK_Funding,UKRI_Funding,"Qualifying_Expenditure_for_R&D_Tax_Credit_claims,_2019-20","Qualifying_Expenditure_for_R&D_Tax_Credit_claims,_2020-21","Qualifying_Expenditure_for_R&D_Tax_Credit_claims,_2021-22",Percentage_of_sector_business_locations_in_clusters,Percentage_of_business_locations_in_sector,LA1,LA2,LA3,Frontier_Sector_Flag,Industrial_Strategy_Parent_Sector,Collaboration_in_IUK_Data
Dsit_Emerging,Advanced Connectivity,3,151,40,5170,1789665750,TRUE,0.9735099337748344,0.7814569536423841,59%,344084.3593693668,1171564.7262845011,375250000,362340000,399710000,0.0467347570411637,0.0269402319357716,Leeds,Wakefield,Bradford,TRUE,Digital and Technologies,FALSE
Dsit_Emerging,Advanced Connectivity,13,68,20,1570,552751120,TRUE,0.9558823529411765,0.8382352941176471,68%,9577818.270220945,2506786.350967023,442370000,491590000,553550000,0.0210461157536366,0.0121320249776984,Sheffield,Rotherham,North East Derbyshire,TRUE,Digital and Technologies,FALSE
Dsit_Emerging,Advanced Materials,7,51,40,3100,935314670,TRUE,0.6470588235294117,0.6078431372549019,27%,5134589.313914912,1537963.4780619375,824280000,644850000,610940000,0.0690121786197564,0.0411290322580645,Sheffield,Rotherham,Barnsley,TRUE,Advanced Manufacturing,TRUE
Dsit_Emerging,Artificial Intelligence,12,121,44,320,89994580,TRUE,0.950413223140496,0.8760330578512396,55%,2504300.440818466,470325.34859689226,469550000,534690000,617830000,0.0168008886420438,0.0106093818500657,Rotherham,Sheffield,North East Derbyshire,TRUE,Digital and Technologies,FALSE
Dsit_Emerging,Digital Economy,23,1595,1533,12570,2211501160,TRUE,0.21818181818181817,0.09216300940438872,3%,9753801.725803109,4866732.7163967285,364800000,354770000,387440000,0.0103760758266707,0.0075939362775905,Sheffield,Rotherham,North East Derbyshire,FALSE,x,FALSE
Dsit_Emerging,Engineering Biology Application,6,58,46,NA,NA,TRUE,0.896551724137931,0.7758620689655172,19%,16418147.723664626,7904341.557904223,602650000,684770000,803210000,0.0952380952380952,0.0793433652530779,Cheshire East,No dominant Local Authority,No dominant Local Authority,TRUE,Digital and Technologies,FALSE
Dsit_Emerging,Engineering Biology Supply Chain,12,26,21,210,24613420,TRUE,0.7692307692307694,0.5769230769230769,12%,602437.3229500679,152887.33984366944,NA,NA,NA,0.0510805500982318,0.03125,Kirklees,Barnsley,Leeds,TRUE,Digital and Technologies,FALSE
Dsit_Emerging,Materials Innovation,17,163,87,4650,2265107090,TRUE,0.8834355828220859,0.8220858895705522,53%,8402182.988038829,5007822.886128693,1279020000,1084550000,1049980000,0.0320866141732283,0.0175419715884631,Rotherham,Sheffield,Bolsover,FALSE,x,TRUE
Dsit_Emerging,Robotics and Autonomous Systems,20,39,32,630,110483570,TRUE,0.6153846153846154,0.5641025641025641,10%,5446396.605007,643410.3124770175,NA,NA,NA,0.0236938031591737,0.0155813024370755,Rotherham,Sheffield,North East Derbyshire,FALSE,x,FALSE
Dsit_Emerging,Semiconductors,12,13,11,780,NA,TRUE,1,1,38%,14783174.959325848,2540798.0701719336,NA,878890000,770840000,0.0168831168831168,0.011504424778761,Sheffield,Rotherham,No dominant Local Authority,TRUE,Digital and Technologies,FALSE
Dsit_Emerging,Space Economy,30,71,24,NA,NA,TRUE,0.9295774647887325,0.8591549295774648,73%,106652718.51177332,3311760.294458535,793190000,736270000,621590000,0.017803410230692,0.0104797047970479,Rotherham,Sheffield,North East Derbyshire,FALSE,x,TRUE
Industrial_Strategy,Advanced Manufacturing,2,302,283,5520,1132025990,TRUE,0.2980132450331126,0.1390728476821192,9%,19650030.15629117,2425931.0844273246,696620000,636670000,483290000,0.0255672197764984,0.0132572431957857,Rotherham,Sheffield,North East Derbyshire,FALSE,x,FALSE
Industrial_Strategy,Advanced Manufacturing,17,767,719,18660,4276871880,TRUE,0.3102998696219036,0.09256844850065188,6%,6776211.791756587,3336178.7163154613,270470000,279860000,306350000,0.0649339654588554,0.0336698858647936,Leeds,Kirklees,Bradford,FALSE,x,FALSE
Industrial_Strategy,Creative,10,1427,1402,6680,702628320,TRUE,0.11282410651716888,0.04064470918009811,<=2%,1728763.8931680685,645192.3615938737,38640000,34650000,36250000,0.011743502806261,0.007358211341030099,Sheffield,Rotherham,Barnsley,FALSE,x,FALSE
Industrial_Strategy,Digital and Technologies,14,2698,2596,21450,3667419330,TRUE,0.21423276501111932,0.10192735359525576,3%,38582299.35967135,8439846.656114373,1600370000,1485840000,1514840000,0.0130170263476578,0.00870075591445,Rotherham,Sheffield,Doncaster,FALSE,x,TRUE
Industrial_Strategy,Financial Services,13,1735,1625,18200,8050145260,TRUE,0.10201729106628243,0.029971181556195964,<=2%,15334.65595026342,154678.52378755555,410160000,409380000,363850000,0.0439663473721554,0.0288138971003421,Leeds,Kirklees,Bradford,FALSE,x,FALSE
Industrial_Strategy,Financial Services,20,869,819,6850,NA,FALSE,0.07364787111622553,0.025316455696202535,<=2%,4764.708491864449,192867.84833434425,126460000,87490000,71770000,0.022021184937408105,0.0144318597004019,Rotherham,Sheffield,Barnsley,FALSE,x,FALSE
Industrial_Strategy,Life Sciences,9,181,123,5680,1118887880,TRUE,0.756906077348066,0.6685082872928176,12%,10871590.038904348,1622245.864787134,132690000,128000000,127370000,0.0255505364201016,0.0164830161187505,Sheffield,Rotherham,North East Derbyshire,FALSE,x,FALSE
Industrial_Strategy,Professional and Business Services,13,3260,3083,32040,3811787390,TRUE,0.12024539877300612,0.06687116564417178,<=2%,23791800.40450149,3096782.0172434896,527540000,364390000,489240000,0.0215234083571565,0.0125320509124178,Doncaster,Rotherham,Sheffield,FALSE,x,TRUE
Innovate UK,Innovate UK,19,1067,554,52670,NA,TRUE,0.9906279287722587,0.9793814432989689,25%,163670669.6326743,16294292.608081196,NA,NA,NA,0.0162118633766865,0.0107851857841749,Sheffield,Rotherham,Doncaster,FALSE,x,UNAVAILABLE
RTIC,Advanced Screens,16,42,39,420,51022040,TRUE,0.5476190476190477,0.33333333333333326,<=10%,575037,259128.9869422372,NA,4800000,4560000,0.0472440944881889,0.0338709677419354,Leeds,Barnsley,Wakefield,FALSE,x,FALSE
RTIC,Agency Market,2,409,328,4240,449849050,TRUE,0.3740831295843521,0.3031784841075794,14%,153758.18057761734,0,19750000,24760000,34260000,0.0512338719779531,0.0338324096285879,Leeds,North Yorkshire,Kirklees,FALSE,x,FALSE
RTIC,Agency Market,22,124,107,690,47881810,TRUE,0.3225806451612903,0.2661290322580645,15%,0,119797.99924070896,6150000,5070000,4330000,0.0155330076412376,0.0102572586649019,Sheffield,Rotherham,North East Derbyshire,FALSE,x,FALSE
RTIC,B2B Services,20,11,11,NA,3581360,FALSE,0.18181818181818185,0.09090909090909091,<=20%,0,0,NA,NA,NA,0.0133171912832929,0.0085403726708074,Sheffield,North East Derbyshire,Chesterfield,FALSE,x,FALSE
RTIC,Battery Supply Chain,8,14,11,360,48063550,TRUE,0.8571428571428571,0.6428571428571429,21%,52242.775076391794,274416.54938656936,NA,NA,NA,0.0202604920405209,0.0127504553734061,Sheffield,Rotherham,No dominant Local Authority,TRUE,Advanced Manufacturing,FALSE
RTIC,Cleantech,4,48,39,700,196071920,TRUE,0.7708333333333335,0.6041666666666665,27%,2745876.0646568923,1556631.1041306392,72000000,50920000,47660000,0.018489984591679505,0.0112018669778296,Rotherham,Sheffield,North East Derbyshire,FALSE,x,FALSE
RTIC,Cloud Computing,6,35,34,650,89589830,TRUE,0.657142857142857,0.22857142857142856,<=10%,0,0,10840000,11510000,8600000,0.016690510252742,0.0091695048467382,Rotherham,Sheffield,North East Derbyshire,FALSE,x,FALSE
RTIC,Cryptocurrency Economy,4,39,37,440,102351900,TRUE,0.717948717948718,0.1794871794871795,<=10%,75000,14634.3347116801,NA,NA,NA,0.0781563126252505,0.0675909878682842,No dominant Local Authority,No dominant Local Authority,No dominant Local Authority,FALSE,x,FALSE
RTIC,Data Infrastructure,22,80,77,1250,326175560,TRUE,0.825,0.3125,<=10%,1685070.466934014,1794564.407469381,NA,NA,NA,0.012884522467386,0.0093468863184951,Rotherham,Sheffield,North East Derbyshire,FALSE,x,FALSE
RTIC,Data Intermediaries,8,13,13,NA,NA,TRUE,0.846153846153846,0.15384615384615383,<=20%,0,119797.99924070896,NA,NA,NA,0.0246212121212121,0.0163522012578616,Sheffield,North East Derbyshire,No dominant Local Authority,FALSE,x,FALSE
RTIC,Design and Modelling Technologies,4,32,31,390,75027560,TRUE,0.5,0.3125,<=10%,0,4934.348901887512,NA,NA,58170000,0.0379146919431279,0.0207657365347177,Leeds,Kirklees,Wakefield,FALSE,x,FALSE
RTIC,Design and Modelling Technologies,15,20,19,240,57492420,TRUE,0.5,0.45,<=20%,555483.6309298999,507582.8095109953,36600000,31720000,NA,0.023696682464454895,0.0129785853341985,Sheffield,North East Derbyshire,Chesterfield,FALSE,x,FALSE
RTIC,Digital Creative Industries,13,433,403,2600,297127910,TRUE,0.22170900692840648,0.17551963048498845,<=2%,1508813.2,1541982.1923127468,28220000,23820000,30110000,0.0346427714217137,0.0256988545314262,Leeds,North Yorkshire,Kirklees,FALSE,x,FALSE
RTIC,Digital Creative Industries,19,145,141,980,72185850,TRUE,0.2413793103448276,0.18620689655172415,<=2%,103758,189263.7562923816,17030000,10900000,11370000,0.0116009280742459,0.0086058519793459,Sheffield,Rotherham,North East Derbyshire,FALSE,x,FALSE
RTIC,E-Commerce,2,187,154,3010,586796620,TRUE,0.3796791443850268,0.31016042780748665,<=2%,76461,16840.213287249317,17310000,13490000,16370000,0.2300123001230012,0.1290545203588682,No dominant Local Authority,No dominant Local Authority,No dominant Local Authority,FALSE,x,FALSE
RTIC,ESG,5,62,37,790,122095120,TRUE,0.7096774193548387,0.6612903225806451,44%,300747.56746346125,55828.562305654035,11170000,19410000,23660000,0.0741626794258373,0.0515378221113881,North Yorkshire,Leeds,Doncaster,FALSE,x,FALSE
RTIC,EdTech,9,19,17,150,56611990,TRUE,0.5789473684210527,0.368421052631579,<=20%,0,0,NA,NA,NA,0.0238095238095238,0.0154220779220779,Sheffield,Rotherham,North East Derbyshire,FALSE,x,FALSE
RTIC,EdTech,11,26,25,610,49338120,TRUE,0.423076923076923,0.34615384615384615,<=10%,74808,87926.67768595042,NA,6220000,7120000,0.0325814536340852,0.0211038961038961,Leeds,Wakefield,Bradford,FALSE,x,FALSE
RTIC,Electronics Manufacturing,6,76,70,920,208267690,TRUE,0.47368421052631576,0.3947368421052632,<=10%,2323515.4514835565,2211774.709552095,18790000,16020000,17760000,0.0207707023776988,0.011860174781523,Sheffield,North East Derbyshire,Rotherham,FALSE,x,TRUE
RTIC,Energy Generation,4,72,64,1270,862936270,TRUE,0.4444444444444444,0.38888888888888895,17%,1988791.1447476973,182923.8797619816,129130000,112320000,110270000,0.0288924558587479,0.0192461908580593,Leeds,Wakefield,Barnsley,FALSE,x,TRUE
RTIC,Energy Management,34,62,28,630,188456170,TRUE,0.7903225806451613,0.7258064516129032,<=10%,3401.9341693245915,172357.5762620583,54500000,60220000,53000000,0.0218309859154929,0.0135194068905364,Rotherham,Barnsley,Sheffield,FALSE,x,TRUE
RTIC,Energy Storage,18,34,29,740,113294660,TRUE,0.5882352941176471,0.411764705882353,18%,8066158.75,2615863.9131666594,NA,10150000,NA,0.0267085624509033,0.0161596958174904,Rotherham,Sheffield,North East Derbyshire,FALSE,x,FALSE
RTIC,FinTech,13,64,32,830,NA,TRUE,0.8125,0.640625,28%,2165.2219607206625,303393.475689002,687200000,645070000,461900000,0.0116152450090744,0.0083605486610058,Sheffield,Rotherham,Barnsley,FALSE,x,FALSE
RTIC,Future Telecoms Supply Chain,3,28,14,440,NA,TRUE,0.7857142857142857,0.6071428571428571,21%,1821130.261470985,392914.3888168713,116190000,88010000,85780000,0.1176470588235294,0.0701754385964912,Cheshire East,No dominant Local Authority,No dominant Local Authority,FALSE,x,FALSE
RTIC,Gaming,6,28,27,610,NA,TRUE,0.32142857142857145,0.17857142857142858,<=10%,375957,87926.67768595042,NA,NA,NA,0.0354430379746835,0.0261437908496732,Leeds,Kirklees,Wakefield,FALSE,x,FALSE
RTIC,Gaming,15,17,16,NA,NA,TRUE,0.29411764705882354,0.17647058823529413,<=20%,49955,829248.6499640505,NA,NA,NA,0.0215189873417721,0.0158730158730158,Rotherham,Sheffield,No dominant Local Authority,FALSE,x,FALSE
RTIC,Immersive Technologies,7,47,43,540,33529150,TRUE,0.5319148936170213,0.4042553191489361,<=10%,348881.9032258064,91551.08218033244,NA,2810000,3270000,0.0419642857142857,0.0302445302445302,Leeds,Kirklees,Wakefield,FALSE,x,FALSE
RTIC,Immersive Technologies,24,14,14,60,4737650,TRUE,0.21428571428571427,0.07142857142857142,<=20%,53803,171202.3092562868,NA,NA,NA,0.0125,0.009009009009009,Rotherham,Sheffield,North East Derbyshire,FALSE,x,FALSE
RTIC,Land Remediation,17,21,18,NA,NA,TRUE,0.47619047619047605,0.380952380952381,<=10%,0,10634.18012672664,14000000,20950000,26560000,0.0266497461928934,0.0146239554317548,Sheffield,Rotherham,Barnsley,FALSE,x,FALSE
RTIC,Legal Services,25,115,73,3240,907026610,TRUE,0.6434782608695652,0.591304347826087,15%,4449.702772311094,39912.875571113895,329920000,298280000,296000000,0.0199548846087107,0.0113861386138613,Rotherham,Sheffield,Barnsley,TRUE,Professional and Business Services,FALSE
RTIC,Media and Publishing,3,220,201,2640,673648250,TRUE,0.2772727272727273,0.20909090909090908,3%,44840.40641148325,71753.77600729864,25720000,20400000,22100000,0.0462184873949579,0.0297417872110315,Leeds,Kirklees,Bradford,FALSE,x,FALSE
RTIC,Media and Publishing,17,69,63,560,61284920,TRUE,0.3188405797101449,0.2753623188405797,<=10%,0,3042.1225243313934,NA,NA,NA,0.0144957983193277,0.0093281059889144,Sheffield,Rotherham,North East Derbyshire,FALSE,x,FALSE
RTIC,Modular Construction,2,35,26,750,182968730,TRUE,0.5428571428571428,0.4571428571428573,23%,61464.99146404707,52419.045755394094,46200000,48180000,52580000,0.0918635170603674,0.0502152080344332,Wakefield,Kirklees,Barnsley,FALSE,x,FALSE
RTIC,Net Zero,30,81,69,2750,528741380,TRUE,0.4691358024691358,0.43209876543209874,<=10%,21845.499107092925,53493.29884934663,86390000,79820000,101220000,0.0057320784091713,0.0034345318860244,Doncaster,No dominant Local Authority,No dominant Local Authority,FALSE,x,FALSE
RTIC,Net Zero,40,252,170,3780,864856680,TRUE,0.6071428571428571,0.5396825396825397,9%,11515938.785387613,1382555.9692327231,228760000,222640000,228600000,0.017833132828533,0.0106852103120759,Sheffield,Rotherham,Barnsley,FALSE,x,TRUE
RTIC,Photonics,7,22,22,410,81566110,TRUE,0.5454545454545454,0.5,<=10%,9731767.937956989,2675229.303355846,NA,NA,10420000,0.0275344180225281,0.0163325909428359,Rotherham,Sheffield,North East Derbyshire,FALSE,x,FALSE
RTIC,Quantum Economy,3,32,28,690,214786510,TRUE,0.6875,0.53125,25%,4602863.857046655,2671203.4290866344,85830000,60270000,73530000,0.1088435374149659,0.073394495412844,Cheshire East,No dominant Local Authority,No dominant Local Authority,FALSE,x,FALSE
RTIC,Rehabilitation,11,63,53,540,56654880,TRUE,0.380952380952381,0.3492063492063492,<=10%,1231.953316162267,5203.621809943253,NA,NA,NA,0.0183780630105017,0.0112882995878874,Sheffield,Rotherham,Barnsley,FALSE,x,FALSE
RTIC,Research and Consulting - Physical Sciences and Engineering,18,82,69,1640,279405870,TRUE,0.42682926829268286,0.36585365853658536,11%,4383080.65955301,1081689.7727129792,686780000,673180000,530670000,0.0136167386250415,0.0086306704557415,Sheffield,Rotherham,North East Derbyshire,FALSE,x,FALSE
RTIC,Sensors,19,32,31,550,97026960,TRUE,0.65625,0.40625,<=10%,1070730.92,0,NA,NA,NA,0.0227920227920227,0.0136752136752136,Rotherham,Sheffield,North East Derbyshire,FALSE,x,FALSE
RTIC,Software Development,12,50,49,510,65584650,TRUE,0.42,0.22,<=10%,158966.39923262046,54625.11155143456,6040000,5800000,9510000,0.0146156094709149,0.0100522718134298,Sheffield,Rotherham,North East Derbyshire,FALSE,x,FALSE
RTIC,Software Development,15,137,127,2200,557938470,TRUE,0.5474452554744526,0.24087591240875916,<=2%,310613.001223826,82322.72814986887,194540000,192650000,200520000,0.0400467699503069,0.0275432247687977,Leeds,North Yorkshire,Wakefield,FALSE,x,FALSE
RTIC,Software as a Service (SaaS),8,24,23,850,94445130,TRUE,0.6666666666666665,0.33333333333333326,<=10%,1122.2857142857144,0,16320000,NA,NA,0.0129101667563206,0.0088659032138899,Rotherham,Sheffield,North East Derbyshire,FALSE,x,FALSE
RTIC,Streaming Economy,3,60,38,NA,NA,TRUE,0.5833333333333334,0.5166666666666667,35%,108858,174213.53435802425,NA,NA,NA,0.1724137931034483,0.1197604790419161,No dominant Local Authority,No dominant Local Authority,No dominant Local Authority,FALSE,x,FALSE
RTIC,Supply Chain Logistics,10,88,37,1370,223324720,TRUE,0.8409090909090908,0.7954545454545454,51%,48417.437331368266,46323.08247143266,32150000,17850000,21760000,0.0152618799861255,0.0093846646048842,Rotherham,Sheffield,Doncaster,FALSE,x,FALSE
SIC,Automotive Manufacturing,5,72,68,1450,327374990,TRUE,0.2916666666666667,0.04166666666666666,<=10%,146526.2163234681,0,NA,NA,NA,0.0314822912111937,0.0170051960321209,Doncaster,Rotherham,Sheffield,TRUE,Advanced Manufacturing,FALSE
SIC,Automotive Manufacturing,8,137,126,3380,687619260,FALSE,0.16788321167883213,0.10218978102189782,3%,1742026.0225,0,12040000,7620000,8440000,0.059903804110188,0.0323571091166745,Leeds,Kirklees,Wakefield,TRUE,Advanced Manufacturing,FALSE
SIC,Business Support Services,45,2626,2205,29880,2291313850,TRUE,0.14356435643564358,0.061690784463061685,<=2%,2722286.6244272063,101744.2111913302,71130000,44920000,45440000,0.0186374637151434,0.0101287891352729,Doncaster,Rotherham,Sheffield,FALSE,x,FALSE
SIC,Chemicals and Materials,20,220,196,3420,969374120,TRUE,0.29545454545454547,0.1863636363636364,5%,858206.9735466541,514052.7921574157,45520000,40250000,50650000,0.0170847247029587,0.0087607518317935,Sheffield,Rotherham,Barnsley,FALSE,x,FALSE
SIC,Construction,46,3569,3476,15060,3073672790,TRUE,0.03978705519753433,0.01989352759876716,<=2%,4068.811604653116,42616.11029588521,175060000,173410000,203030000,0.0134513767968461,0.0083354547598973,Sheffield,Barnsley,Rotherham,FALSE,x,FALSE
SIC,Construction,63,845,809,6060,1400890360,FALSE,0.05207100591715976,0.03195266272189349,<=2%,107269.88550667989,390855.6630441898,106030000,104070000,128470000,0.0031847613878775,0.0019735105833884,Doncaster,No dominant Local Authority,No dominant Local Authority,FALSE,x,FALSE
SIC,Electricity,17,198,174,2410,5049088420,TRUE,0.2171717171717172,0.17171717171717168,<=2%,7188000.3662687065,2549440.160649448,34790000,30300000,31580000,0.0290280017592728,0.0191489361702127,Leeds,Wakefield,Barnsley,FALSE,x,TRUE
SIC,Electronic Devices,3,959,904,10930,4631001640,TRUE,0.20437956204379565,0.05943691345151198,3%,3499485.4502348835,1341401.2610506788,93090000,88310000,96920000,0.0645400094218991,0.0302209056817823,Leeds,Kirklees,Bradford,FALSE,x,TRUE
SIC,Electronic Devices,28,298,286,3700,796544350,TRUE,0.2516778523489933,0.1040268456375839,6%,17023653.71111111,1151599.5522804805,28920000,37670000,47970000,0.0200551854095161,0.0093908549459553,Sheffield,Rotherham,North East Derbyshire,FALSE,x,FALSE
SIC,Engineering,7,1449,1418,8710,1103538190,TRUE,0.09523809523809523,0.05866114561766736,<=2%,6775315.077908399,1264035.342724961,456180000,496840000,537500000,0.0184035054296056,0.0109273545847379,Sheffield,Rotherham,Barnsley,FALSE,x,FALSE
SIC,Engineering,69,242,240,1070,226289750,FALSE,0.04132231404958678,0.02066115702479339,<=2%,34536.44375085486,4763.51989261142,596220000,NA,422700000,0.0030736013208865,0.0018249964178789,Doncaster,No dominant Local Authority,No dominant Local Authority,FALSE,x,FALSE
SIC,Food and Agriculture,7,510,488,3930,1163904910,FALSE,0.06862745098039216,0.03137254901960784,<=2%,22763.9205196704,152207.35034125988,29610000,35210000,43540000,0.0068866803500054,0.0022970386217768,Sheffield,North East Derbyshire,Rotherham,FALSE,x,FALSE
SIC,Healthcare,13,3226,2751,81680,6113021760,TRUE,0.07439553626782394,0.05362678239305642,<=2%,458092.2013555685,277591.8894222365,116760000,110090000,127830000,0.0543738412270352,0.035058358147319,Leeds,Kirklees,Bradford,FALSE,x,FALSE
SIC,Healthcare,14,1149,955,51190,3732719280,FALSE,0.123585726718886,0.09660574412532635,<=2%,122641,559977.6955042921,7000000,11340000,20730000,0.0193662565312658,0.0124866873872503,Doncaster,Rotherham,Sheffield,FALSE,x,FALSE
SIC,Higher and Further Education,15,979,908,27090,1778032850,FALSE,0.07865168539325844,0.045965270684371805,<=2%,28593887.77,901417.4260447227,NA,6220000,10240000,0.0463103122043519,0.022675684439709,Leeds,Kirklees,Wakefield,FALSE,x,FALSE
SIC,Higher and Further Education,19,441,408,18860,1332452270,FALSE,0.090702947845805,0.05895691609977324,<=2%,93402827.94320394,655315.4150230384,NA,NA,NA,0.0208609271523178,0.0102144809376013,Sheffield,Doncaster,Rotherham,FALSE,x,FALSE
SIC,Machinery,9,1494,1312,19990,5217842080,TRUE,0.19678714859437751,0.06760374832663989,4%,5064577.908311556,1452383.8655985133,142760000,142520000,155200000,0.06203288490284,0.0317710105478053,Leeds,Wakefield,Kirklees,FALSE,x,FALSE
SIC,Machinery,17,469,423,4720,976046310,FALSE,0.19829424307036247,0.09381663113006397,4%,2396839.044628621,194337.1464049164,NA,NA,NA,0.0194735093838232,0.00997363048656,Sheffield,Rotherham,No dominant Local Authority,FALSE,x,FALSE
SIC,Machinery,30,103,99,1710,277443340,TRUE,0.2815533980582524,0.08737864077669905,8%,73608.2467771639,0,20080000,20630000,16760000,0.0042766982228865,0.002190370874447,Doncaster,No dominant Local Authority,No dominant Local Authority,FALSE,x,FALSE
SIC,Manufacturing,7,1737,1593,30640,6128690690,TRUE,0.2141623488773748,0.09153713298791018,4%,24491524.729701456,5712071.506397728,905070000,831570000,733800000,0.0286548549935662,0.0132407421523638,Sheffield,Rotherham,North East Derbyshire,FALSE,x,TRUE
SIC,Metal Products,14,1129,988,19270,5166208900,TRUE,0.2382639503985828,0.09831709477413639,5%,3630485.436483725,2614175.7953554327,91310000,72800000,79230000,0.0445857357238764,0.0263871359790585,Rotherham,Sheffield,Barnsley,FALSE,x,TRUE
SIC,Mining and Extraction,3,119,111,2480,3892560810,TRUE,0.2689075630252101,0.12605042016806722,4%,1781.0123692590391,127627.73647063776,153670000,99930000,98870000,0.0403663500678426,0.0198664440734557,Leeds,Wakefield,Kirklees,FALSE,x,FALSE
SIC,Mining and Extraction,4,101,85,1360,745084170,TRUE,0.25742574257425743,0.18811881188118812,8%,483289.3270990952,246058.2335033377,65120000,48950000,60480000,0.0342605156037991,0.0168614357262103,North East Derbyshire,Bolsover,Rotherham,FALSE,x,FALSE
SIC,Mining and Extraction,18,23,20,80,41223190,TRUE,0.391304347826087,0.2608695652173913,<=10%,1763.9089140855492,5502.150420599878,85180000,67660000,84420000,0.007801899592944299,0.0038397328881469,Doncaster,No dominant Local Authority,No dominant Local Authority,FALSE,x,FALSE
SIC,Primary and Secondary Education,1,792,385,30920,840316480,FALSE,0.13257575757575757,0.10606060606060604,<=2%,0,1575.7021527212803,NA,NA,NA,0.0222596964586846,0.0133167434509197,Rotherham,Doncaster,Sheffield,FALSE,x,FALSE
SIC,Software and IT,25,1076,1058,7310,923439120,TRUE,0.23884758364312264,0.07806691449814127,<=2%,4825987.383541509,3785302.6937824017,108290000,100180000,110490000,0.0123861818098099,0.007226423457669,Sheffield,Rotherham,North East Derbyshire,FALSE,x,FALSE
SIC,Transport Equipment,1,1221,1128,8600,2776108680,FALSE,0.104013104013104,0.04995904995904995,<=2%,1493523.9252756925,623661.125217756,161130000,121680000,100740000,0.0202021873293734,0.0105867357998144,Sheffield,Rotherham,Doncaster,FALSE,x,FALSE
SIC,Transport Services,51,178,163,2850,202105910,FALSE,0.07303370786516854,0.06741573033707865,<=2%,19791.957925394658,9740.59517830575,NA,NA,NA,0.0194620599169035,0.0090122019138271,Rotherham,Sheffield,Barnsley,FALSE,x,FALSE
SIC,Water & Waste,14,424,342,9000,1713181780,TRUE,0.23113207547169812,0.1650943396226415,8%,436108.679452202,89921.94387103974,65590000,49030000,66030000,0.04779618983203691,0.0267541645633518,Leeds,Kirklees,Wakefield,FALSE,x,FALSE
SIC,Water & Waste,19,168,146,2590,804977490,TRUE,0.23809523809523803,0.1904761904761905,8%,261125.3225861849,20435.17825637402,16700000,14350000,11610000,0.0189381129523165,0.0106007067137809,Sheffield,Rotherham,No dominant Local Authority,FALSE,x,FALSE
SIC,Water & Waste,23,63,52,780,256900930,TRUE,0.3015873015873016,0.2222222222222222,<=10%,0,38719.86050765151,NA,NA,NA,0.0071017923571187,0.0039752650176678,Doncaster,No dominant Local Authority,No dominant Local Authority,FALSE,x,FALSE
SIC,Wood Products,7,512,459,5880,1172103880,FALSE,0.17578125,0.09765625,6%,1164932.854988399,929696.8092485548,51790000,25110000,39150000,0.0182576757122989,0.0096123157795926,Sheffield,Rotherham,No dominant Local Authority,FALSE,x,FALSE
SIC,Wood Products,8,1602,1426,19540,3777751350,TRUE,0.15355805243445692,0.06803995006242197,5%,649799.5148628043,271005.10063916194,98040000,61050000,82550000,0.0571265556466854,0.0300760349197409,Leeds,Kirklees,Bradford,FALSE,x,FALSE
