ITL_code,Region_name,SIC07_code,SIC07_description,1998,1999,2000,2001,2002,2003,2004,2005,2006,2007,2008,2009,2010,2011,2012,2013,2014,2015,2016,2017,2018,2019,2020,2021,2022
TLC11,Hartlepool and Stockton-on-Tees,A-E,Production sector,1013,994,968,874,946,1031,1027,1031,1107,1194,1213,1271,1222,1106,1202,1329,1252,1257,1215,1154,1174,1250,1299,1281,1472
TLC11,Hartlepool and Stockton-on-Tees,F (41-43),Construction,233,280,325,327,340,406,414,453,445,504,478,448,404,425,380,402,423,448,479,463,497,539,400,529,578
TLC11,Hartlepool and Stockton-on-Tees,G-T,Services sector,2071,2195,2266,2385,2498,2617,2902,3013,3265,3372,3476,3588,3669,3786,3829,3913,4079,4397,4582,4592,4583,4780,4869,5126,5485
TLC12,South Teesside,A-E,Production sector,776,735,722,607,612,729,659,660,613,583,697,627,666,636,622,663,692,763,716,653,712,680,659,688,822
TLC12,South Teesside,F (41-43),Construction,122,146,169,169,174,218,227,250,249,286,285,274,238,247,259,242,254,253,260,248,264,260,199,245,272
TLC12,South Teesside,G-T,Services sector,1835,1928,1996,2089,2178,2259,2492,2649,2849,2918,2986,3086,3086,3170,3224,3227,3315,3395,3478,3572,3776,3864,3712,4037,4386
TLC13,Darlington,A-E,Production sector,450,438,472,399,425,429,429,396,370,356,450,384,418,405,342,275,299,319,339,343,309,298,218,228,218
TLC13,Darlington,F (41-43),Construction,38,45,52,53,55,67,68,75,74,84,80,75,66,69,74,103,141,146,125,153,170,189,154,133,76
TLC13,Darlington,G-T,Services sector,1030,1069,1146,1323,1417,1525,1658,1670,1732,1696,1734,1683,1722,1787,1868,1940,2132,2257,2105,2059,2043,2008,1929,2185,2418
TLC14,Durham CC,A-E,Production sector,1511,1541,1515,1467,1651,1834,1898,1911,2046,2136,2284,2282,2341,2113,2148,2145,2176,2310,2359,2366,2594,2729,3042,3057,3308
TLC14,Durham CC,F (41-43),Construction,238,285,330,332,346,415,425,465,458,519,496,466,417,438,491,478,509,561,543,525,598,635,523,690,869
TLC14,Durham CC,G-T,Services sector,2894,3052,3169,3339,3418,3542,3938,4163,4486,4609,4768,4909,4914,4992,5089,5226,5143,5033,5019,5299,5454,5686,5580,6011,6477
TLC21,Northumberland,A-E,Production sector,977,908,896,880,1002,1000,1003,999,1053,1111,1134,1190,1259,1268,1246,1166,1234,1258,1339,1405,1385,1481,1473,1485,1861
TLC21,Northumberland,F (41-43),Construction,158,171,171,187,218,227,252,277,290,283,279,221,229,245,267,314,308,327,257,269,293,314,223,289,361
TLC21,Northumberland,G-T,Services sector,1899,1949,2011,2119,2218,2333,2568,2675,2814,2847,2964,2879,2910,2986,3016,3024,3118,3162,3302,3319,3356,3563,3400,3715,4079
TLC22,Tyneside,A-E,Production sector,1902,1800,1796,1761,1880,1847,1872,1935,2083,2125,2062,1945,2108,2152,2258,2295,2252,2182,2041,2024,2073,2152,1991,2083,2139
TLC22,Tyneside,F (41-43),Construction,574,622,624,678,784,798,892,984,1030,1006,1018,827,856,901,847,842,923,1031,1082,1148,1145,1260,881,1201,1380
TLC22,Tyneside,G-T,Services sector,7598,7668,7954,8647,9306,9934,11007,11698,12220,12404,12631,12570,12893,13424,13975,13760,14268,14962,15472,16208,16314,17037,15932,17780,19676
TLC23,Sunderland,A-E,Production sector,1137,1021,1108,1118,1223,1232,1292,1281,1384,1364,1579,1684,1594,1370,1557,1866,1966,2012,2145,2324,2127,2424,1861,1742,1851
TLC23,Sunderland,F (41-43),Construction,180,195,196,212,245,248,275,303,318,305,298,247,255,275,244,272,299,322,317,311,327,365,277,338,427
TLC23,Sunderland,G-T,Services sector,2179,2208,2252,2423,2574,2744,3087,3316,3457,3511,3479,3523,3539,3801,3797,3937,4034,4154,4105,4254,4337,4414,4175,4491,4953
TLD11,West Cumbria,A-E,Production sector,1535,1591,1252,1180,1253,1254,1209,1338,1407,1324,1563,1514,1558,1503,1591,1667,1916,1938,1780,1766,1811,1766,1830,1840,1872
TLD11,West Cumbria,F (41-43),Construction,132,151,165,160,183,208,225,235,254,284,302,247,243,257,256,301,280,310,306,280,303,289,251,336,413
TLD11,West Cumbria,G-T,Services sector,1343,1382,1472,1494,1563,1693,1784,1880,2049,2169,2287,2302,2390,2409,2530,2587,2607,2676,2701,2749,2818,3002,2649,2738,2903
TLD12,East Cumbria,A-E,Production sector,898,839,879,863,932,984,1023,1081,1184,1167,1263,1232,1210,1171,1185,1273,1396,1423,1317,1379,1354,1524,1555,1630,1766
TLD12,East Cumbria,F (41-43),Construction,182,209,231,218,248,296,325,335,368,419,456,386,372,394,394,393,396,454,446,464,477,465,342,481,548
TLD12,East Cumbria,G-T,Services sector,2460,2586,2703,2815,2971,3225,3344,3424,3703,3844,4007,3963,4088,4059,4218,4311,4432,4638,4757,4889,5013,5370,4805,5187,5762
TLD33,Manchester,A-E,Production sector,873,854,844,769,722,698,701,695,746,762,841,897,940,880,1101,1169,1234,1264,1195,1237,1183,1252,1466,1096,1165
TLD33,Manchester,F (41-43),Construction,305,320,334,359,384,415,488,515,516,581,614,502,442,440,505,528,561,614,644,754,813,797,801,1042,1238
TLD33,Manchester,G-T,Services sector,7694,8134,8362,9181,9841,10443,11274,12280,13206,13896,14099,14658,15159,15266,15767,16131,16612,17469,18751,20678,21480,23232,22515,25367,29103
TLD34,Greater Manchester South West,A-E,Production sector,1488,1573,1618,1613,1625,1621,1561,1575,1651,1668,1773,1692,1712,1713,1675,1815,1900,1931,1892,2037,2172,2189,2304,2213,2285
TLD34,Greater Manchester South West,F (41-43),Construction,696,718,748,803,867,931,1056,1137,1126,1284,1329,1053,937,938,932,911,910,1010,1132,1276,1462,1477,1242,1519,1754
TLD34,Greater Manchester South West,G-T,Services sector,5391,5654,5806,6288,6625,6988,7438,7996,8506,8875,9002,9215,9430,9481,10125,10905,11374,11853,11918,12411,13164,13758,14302,15448,16955
TLD35,Greater Manchester South East,A-E,Production sector,1351,1430,1434,1369,1346,1337,1326,1343,1356,1346,1515,1529,1539,1507,1521,1584,1546,1330,1407,1558,1643,1594,1662,1561,1742
TLD35,Greater Manchester South East,F (41-43),Construction,332,349,363,389,419,451,533,562,562,635,672,547,480,477,524,548,511,481,504,541,522,472,443,468,527
TLD35,Greater Manchester South East,G-T,Services sector,3780,3980,4167,4460,4704,4950,5109,5446,5731,6044,6083,6253,6327,6268,6483,6586,6747,7048,7179,7710,8018,8225,8378,8820,9720
TLD36,Greater Manchester North West,A-E,Production sector,1560,1636,1594,1570,1569,1622,1573,1554,1575,1566,1453,1422,1473,1499,1566,1633,1777,1842,1881,1910,1938,1975,2226,2022,2283
TLD36,Greater Manchester North West,F (41-43),Construction,365,388,406,446,461,510,594,624,630,697,729,632,564,567,639,715,721,750,788,777,838,785,804,874,1048
TLD36,Greater Manchester North West,G-T,Services sector,3660,3805,3947,4269,4453,4610,4879,5293,5612,5870,5900,6023,6131,6119,6341,6711,6776,7183,7391,7877,8224,8215,8286,8947,9444
TLD37,Greater Manchester North East,A-E,Production sector,1493,1596,1621,1585,1570,1594,1566,1577,1557,1566,1580,1437,1533,1581,1641,1688,1737,1803,1763,2011,2039,2086,1945,1909,2033
TLD37,Greater Manchester North East,F (41-43),Construction,331,353,369,403,420,462,548,572,578,640,677,583,517,517,547,558,620,650,647,700,759,694,631,740,864
TLD37,Greater Manchester North East,G-T,Services sector,3895,4057,4178,4465,4747,4881,5167,5528,5850,6155,6194,6313,6449,6431,6682,6936,6993,7308,7498,7681,7921,8513,8390,8641,9355
TLD41,Blackburn with Darwen,A-E,Production sector,515,512,496,468,479,490,464,485,468,470,479,436,478,505,536,590,608,662,660,675,672,680,702,754,837
TLD41,Blackburn with Darwen,F (41-43),Construction,59,63,72,74,83,85,96,101,98,103,103,81,94,100,87,103,110,122,119,105,113,120,110,137,202
TLD41,Blackburn with Darwen,G-T,Services sector,954,1007,1027,1090,1151,1274,1377,1405,1481,1571,1636,1645,1677,1699,1823,1833,1933,2040,2193,2240,2265,2342,2281,2542,2798
TLD42,Blackpool,A-E,Production sector,154,153,141,137,139,142,147,156,153,150,144,140,153,151,165,170,179,180,181,195,195,203,221,214,258
TLD42,Blackpool,F (41-43),Construction,58,63,71,74,82,85,95,99,96,99,95,70,82,89,81,90,79,79,79,71,92,95,61,88,106
TLD42,Blackpool,G-T,Services sector,1061,1093,1126,1192,1259,1382,1493,1557,1614,1652,1673,1633,1694,1698,1759,1781,1865,1971,2110,2251,2327,2545,2380,2493,2823
TLD44,Lancaster and Wyre,A-E,Production sector,636,621,525,478,510,600,608,762,860,860,870,627,537,556,658,771,825,1038,983,941,947,992,1159,952,1107
TLD44,Lancaster and Wyre,F (41-43),Construction,123,130,149,153,170,181,202,208,203,214,215,173,192,208,190,202,204,244,244,244,255,289,247,309,364
TLD44,Lancaster and Wyre,G-T,Services sector,1599,1673,1723,1817,1928,2121,2281,2321,2405,2512,2579,2570,2634,2637,2690,2777,2789,2928,3030,3124,3172,3329,3085,3450,3788
TLD45,Mid Lancashire,A-E,Production sector,2426,2567,2702,2704,2746,2827,2969,3134,3034,3099,2839,2212,2163,2271,2327,2631,2751,3129,3239,3320,3085,2850,3136,3460,3905
TLD45,Mid Lancashire,F (41-43),Construction,448,462,546,545,601,705,764,770,760,820,883,804,805,874,853,884,924,1048,1123,1209,1141,1135,1139,1217,1225
TLD45,Mid Lancashire,G-T,Services sector,3963,4144,4211,4513,4750,5236,5631,5758,5990,6362,6675,6835,6956,6953,7313,7265,7364,7462,7857,7989,8035,8482,7904,8860,9561
TLD46,East Lancashire,A-E,Production sector,1413,1496,1496,1481,1505,1531,1571,1643,1619,1594,1505,1248,1313,1411,1480,1527,1582,1602,1647,1764,1824,1690,1539,1644,1802
TLD46,East Lancashire,F (41-43),Construction,147,156,180,183,204,213,241,250,245,258,262,211,241,257,226,242,255,293,291,292,314,334,298,365,399
TLD46,East Lancashire,G-T,Services sector,1893,1987,2000,2107,2182,2405,2544,2624,2769,2971,3123,3142,3196,3250,3397,3379,3563,3645,3919,3970,3984,4200,4003,4404,4622
TLD47,Chorley and West Lancashire,A-E,Production sector,533,532,512,490,508,494,491,497,477,507,532,520,575,602,655,689,725,683,716,726,750,774,823,914,1026
TLD47,Chorley and West Lancashire,F (41-43),Construction,130,137,159,160,178,194,216,222,218,232,243,206,224,240,236,255,255,302,319,325,339,358,327,375,471
TLD47,Chorley and West Lancashire,G-T,Services sector,1573,1639,1697,1812,1935,2109,2239,2263,2353,2472,2550,2563,2625,2620,2627,2620,2777,2897,3186,3339,3445,3769,3542,3992,4309
TLD61,Warrington,A-E,Production sector,883,846,853,872,845,782,808,920,922,947,874,900,828,806,863,871,971,944,880,954,971,1049,1092,979,996
TLD61,Warrington,F (41-43),Construction,342,392,406,429,444,495,500,574,631,662,677,535,508,542,530,551,586,626,663,800,923,892,1018,1195,1252
TLD61,Warrington,G-T,Services sector,2406,2450,2613,2954,3148,3310,3429,3557,3736,3973,3991,3848,4067,4159,4294,4578,4785,5139,5445,5804,5718,6196,5995,6469,7025
TLD62,Cheshire East,A-E,Production sector,2009,2111,2195,2885,2862,2366,3046,3278,3509,3373,3276,3155,3205,3558,3956,4036,4033,4243,4842,4261,4146,4110,4185,3460,4212
TLD62,Cheshire East,F (41-43),Construction,230,263,273,290,300,336,340,393,431,451,459,361,342,360,380,467,497,508,543,537,603,646,582,641,743
TLD62,Cheshire East,G-T,Services sector,3697,3841,3987,4362,4602,4771,4960,5203,5624,5929,5960,5932,6294,6399,6526,6645,7281,7577,7979,8548,9039,9489,9081,9664,10289
TLD63,Cheshire West and Chester,A-E,Production sector,1418,1451,1329,1493,1246,1354,1394,1440,1407,1429,1454,1520,1736,1643,1748,2136,2289,2332,2445,2656,2477,2659,2298,2438,2999
TLD63,Cheshire West and Chester,F (41-43),Construction,179,206,213,224,230,252,255,291,326,346,360,293,280,298,270,273,289,292,322,297,341,335,290,390,479
TLD63,Cheshire West and Chester,G-T,Services sector,3295,3617,3674,4008,4353,4635,4777,4974,5499,5987,6049,6378,6629,6575,6656,6615,6914,6610,6833,7485,7827,8310,7861,8804,9744
TLD71,East Merseyside,A-E,Production sector,1819,1816,1758,1760,1746,1963,1819,1811,1990,1881,2027,1978,2071,2184,1981,2206,2467,2526,2604,2776,2646,2675,2444,2613,2619
TLD71,East Merseyside,F (41-43),Construction,310,344,375,388,437,460,497,563,606,631,621,559,528,558,547,629,676,724,807,909,870,897,804,763,976
TLD71,East Merseyside,G-T,Services sector,3356,3578,3792,4051,4275,4479,4775,4926,5242,5385,5608,5710,5913,5839,5909,6035,6211,6414,6513,6562,6807,7200,6889,7936,8229
TLD72,Liverpool,A-E,Production sector,804,818,895,911,962,1250,1198,1253,1566,1378,1497,1634,1557,1512,1142,1000,1043,1099,1108,1106,1091,1091,1048,1130,1206
TLD72,Liverpool,F (41-43),Construction,252,277,302,316,356,366,393,448,486,497,481,444,422,441,381,393,456,527,516,568,587,588,529,555,628
TLD72,Liverpool,G-T,Services sector,4916,5198,5464,5867,6195,6657,7225,7618,8129,8275,8718,9127,9249,9339,9572,9836,10283,10485,10692,11132,11279,12399,12023,13376,14860
TLD73,Sefton,A-E,Production sector,252,257,261,249,255,257,240,245,257,251,264,258,262,250,241,224,226,231,206,223,241,272,275,323,364
TLD73,Sefton,F (41-43),Construction,98,109,119,122,137,146,159,178,191,203,205,182,169,179,173,150,159,169,195,208,220,228,219,233,250
TLD73,Sefton,G-T,Services sector,1790,1921,1976,2139,2288,2446,2599,2661,2831,2867,2982,3062,3092,3002,3017,3111,3243,3350,3497,3607,3646,3674,3701,4107,4378
TLD74,Wirral,A-E,Production sector,565,586,564,607,582,643,673,674,704,681,692,690,643,637,605,665,693,735,659,715,715,808,824,713,806
TLD74,Wirral,F (41-43),Construction,115,128,141,143,160,171,185,207,222,238,245,218,200,210,222,226,213,227,230,243,255,246,241,236,259
TLD74,Wirral,G-T,Services sector,1902,2050,2142,2264,2446,2607,2789,2833,3013,3074,3198,3258,3320,3339,3414,3436,3607,3785,3801,3919,3953,4173,4265,4597,5016
TLE11,"Kingston upon Hull, City of",A-E,Production sector,959,986,1070,1030,1082,1155,1103,1128,1393,1422,1871,1995,1749,1509,1624,1559,1473,1588,1572,1575,1693,1606,1343,1585,1768
TLE11,"Kingston upon Hull, City of",F (41-43),Construction,178,202,206,209,251,294,298,350,364,367,363,276,299,288,277,312,320,339,336,345,336,378,377,490,575
TLE11,"Kingston upon Hull, City of",G-T,Services sector,1887,1918,2030,2234,2383,2546,2693,2815,2952,3150,3238,3209,3164,3224,3192,3216,3336,3456,3626,3838,3910,4054,3713,4251,4587
TLE12,East Riding of Yorkshire,A-E,Production sector,1454,1367,1409,1349,1430,1495,1642,1642,1766,1615,1643,1523,1374,1400,1434,1568,1665,1736,1739,1782,1853,1903,1830,2191,2437
TLE12,East Riding of Yorkshire,F (41-43),Construction,164,186,189,191,230,266,272,318,327,326,317,236,259,248,267,243,276,302,285,320,355,351,338,419,530
TLE12,East Riding of Yorkshire,G-T,Services sector,2122,2160,2270,2521,2722,2897,3088,3169,3332,3564,3632,3587,3553,3559,3667,3720,3871,4020,4111,4313,4620,4876,4756,5446,5968
TLE13,North and North East Lincolnshire,A-E,Production sector,1469,1413,1480,1407,1355,1562,1681,1756,1582,1912,2106,1893,2074,1842,1874,1987,1974,2360,2478,2696,2583,3409,3274,4287,5141
TLE13,North and North East Lincolnshire,F (41-43),Construction,217,251,251,256,310,359,369,427,446,448,463,348,381,369,387,426,504,523,479,531,568,549,447,578,689
TLE13,North and North East Lincolnshire,G-T,Services sector,2335,2347,2445,2702,2836,3001,3157,3267,3468,3743,3865,3814,3766,3805,3790,3812,3986,4095,4100,4250,4200,4326,3993,4681,5023
TLE21,York,A-E,Production sector,534,522,572,564,625,631,638,629,599,601,577,504,486,498,501,532,505,479,467,480,531,528,537,597,586
TLE21,York,F (41-43),Construction,217,240,244,265,276,291,296,334,354,350,360,286,298,274,319,346,326,327,332,334,322,314,232,303,341
TLE21,York,G-T,Services sector,2450,2577,2681,2941,3268,3542,3771,3904,3997,4241,4269,4265,4367,4481,4556,4530,4695,4833,5018,5396,5513,5577,5174,5877,6705
TLE22,North Yorkshire CC,A-E,Production sector,1959,1880,1972,1886,2109,2153,2052,2109,2374,2464,2626,2642,2574,2653,2746,2853,2927,2944,2923,3078,3114,3272,3347,3496,3905
TLE22,North Yorkshire CC,F (41-43),Construction,448,497,504,549,570,601,614,689,734,731,755,605,625,574,579,585,639,732,757,776,821,901,697,918,1015
TLE22,North Yorkshire CC,G-T,Services sector,4986,5165,5425,5858,6378,6788,7264,7413,7649,8193,8303,8156,8129,8545,8753,9175,9308,9417,9830,10601,10565,11017,10548,12205,13169
TLE31,"Barnsley, Doncaster and Rotherham",A-E,Production sector,1988,1863,1904,1898,1971,2029,1898,1915,1862,1996,1910,1784,1980,2048,2050,2151,2273,2344,2323,2502,2620,2764,2770,2845,2984
TLE31,"Barnsley, Doncaster and Rotherham",F (41-43),Construction,573,582,688,754,835,893,953,1074,1158,1248,1259,986,956,1004,1018,1049,1180,1208,1254,1375,1447,1490,1277,1435,1622
TLE31,"Barnsley, Doncaster and Rotherham",G-T,Services sector,4455,4601,4706,5038,5288,5685,6265,6484,6934,7448,7476,7408,7591,7672,8141,8229,8475,8979,9226,9834,9898,10185,10217,10942,11871
TLE32,Sheffield,A-E,Production sector,1267,1218,1259,1268,1373,1424,1299,1388,1398,1486,1471,1369,1491,1520,1602,1583,1513,1433,1305,1355,1377,1395,1348,1296,1357
TLE32,Sheffield,F (41-43),Construction,317,322,380,413,459,493,525,591,639,685,688,536,522,542,541,586,574,597,619,658,606,674,554,622,811
TLE32,Sheffield,G-T,Services sector,4942,5038,5240,5825,6186,6660,7270,7551,8051,8565,8444,8770,8875,9093,9220,9521,9838,10185,10406,10487,10588,11076,11338,12409,13513
TLE41,Bradford,A-E,Production sector,1474,1476,1420,1482,1498,1498,1432,1513,1523,1635,1715,1637,1647,1730,1837,1973,1988,1983,1874,1877,1968,1914,1886,1959,1963
TLE41,Bradford,F (41-43),Construction,191,223,237,241,256,282,313,361,385,380,364,297,286,304,314,311,319,365,379,398,394,400,320,389,545
TLE41,Bradford,G-T,Services sector,3560,3794,3893,4044,4201,4494,4865,5101,5311,5581,5784,5860,5850,6020,6042,6096,6171,6449,6764,7194,7238,7400,7455,8004,8902
TLE42,Leeds,A-E,Production sector,1998,1976,1952,2024,1997,2039,1975,2034,2293,2461,2696,2771,2659,2444,2678,2730,2752,2872,2795,2808,2860,3084,2617,2579,2701
TLE42,Leeds,F (41-43),Construction,741,865,917,929,988,1078,1190,1375,1482,1443,1359,1075,1047,1109,1078,1140,1238,1366,1368,1460,1579,1700,1313,1556,1862
TLE42,Leeds,G-T,Services sector,9583,10278,10642,11125,11793,12920,14128,15173,15987,16961,16711,16869,17357,17877,18127,18622,19143,19739,20071,20696,22043,22621,22053,24785,27396
TLE44,Calderdale and Kirklees,A-E,Production sector,1901,1884,1849,1880,1868,1865,1751,1815,1835,1946,1970,1911,2088,2048,2149,2298,2413,2518,2491,2681,2767,2787,2649,2853,3001
TLE44,Calderdale and Kirklees,F (41-43),Construction,321,373,396,401,430,475,526,612,661,653,611,493,481,514,505,603,627,683,686,709,780,819,630,774,855
TLE44,Calderdale and Kirklees,G-T,Services sector,3912,4158,4264,4448,4569,4933,5316,5700,5977,6305,6280,6267,6229,6439,6589,6606,7236,7877,8033,8669,9171,9170,8994,9856,10308
TLE45,Wakefield,A-E,Production sector,1287,1254,1280,1340,1323,1278,1251,1252,1328,1354,1404,1395,1273,1221,1252,1344,1372,1486,1452,1515,1615,1595,1575,1647,1905
TLE45,Wakefield,F (41-43),Construction,255,296,314,317,340,373,411,478,518,506,472,375,366,390,415,435,395,458,538,606,671,686,579,698,795
TLE45,Wakefield,G-T,Services sector,2489,2683,2771,2887,3034,3287,3458,3628,3690,3857,3977,4003,4021,4150,4249,4333,4351,4622,4829,4963,5260,5631,5520,5941,6494
TLF11,Derby,A-E,Production sector,1444,1570,1679,1662,1637,1621,1752,1879,1920,1791,1832,1611,1536,1884,1994,2150,1986,1926,1872,1752,2011,2200,2553,2740,2728
TLF11,Derby,F (41-43),Construction,149,167,168,177,205,213,224,271,288,290,287,218,217,229,243,255,277,328,346,357,364,359,327,356,378
TLF11,Derby,G-T,Services sector,2179,2279,2333,2552,2793,2960,3212,3530,3645,3915,4006,4171,4323,4285,4286,4393,4384,4383,4487,4597,4796,4897,4871,5058,5273
TLF12,East Derbyshire,A-E,Production sector,745,798,801,791,815,807,801,807,798,803,777,693,760,783,824,897,887,918,875,884,892,902,994,1049,1064
TLF12,East Derbyshire,F (41-43),Construction,176,196,198,209,240,247,263,320,342,348,354,275,269,287,294,319,361,401,363,349,361,432,449,493,515
TLF12,East Derbyshire,G-T,Services sector,1984,1986,2038,2175,2217,2297,2444,2633,2701,2844,3023,3058,3154,3158,3296,3335,3479,3833,4031,4225,4462,4548,4709,5122,5437
TLF13,South and West Derbyshire,A-E,Production sector,2098,2092,2056,1975,2050,2120,2092,2199,2118,2084,2121,1877,2232,2238,2460,2849,3035,3002,3149,3143,3304,3722,3568,3712,3561
TLF13,South and West Derbyshire,F (41-43),Construction,318,348,354,374,426,432,471,575,622,642,686,548,521,565,575,644,644,698,772,797,765,866,878,922,1112
TLF13,South and West Derbyshire,G-T,Services sector,3016,3096,3121,3331,3430,3589,3870,4126,4236,4433,4622,4544,4731,4892,5008,5075,5149,5259,5454,5713,5952,6143,6134,6504,6798
TLF14,Nottingham,A-E,Production sector,701,876,797,776,789,867,974,884,1048,1085,1036,1140,1116,1175,1276,1366,1352,1007,958,1037,977,1048,1121,924,940
TLF14,Nottingham,F (41-43),Construction,302,337,346,361,414,421,437,520,572,602,622,476,472,535,532,442,383,382,344,375,394,335,319,348,436
TLF14,Nottingham,G-T,Services sector,3556,3530,3681,3973,4206,4468,4885,5252,5507,5704,5949,5955,6295,6513,6646,6783,7446,7957,8370,8730,8953,9121,8796,9420,10101
TLF15,North Nottinghamshire,A-E,Production sector,1675,1755,1718,1643,1714,1716,1728,1681,1758,1772,1695,1675,1781,1786,1874,2062,2076,2186,2057,2021,2006,2183,2134,2128,2140
TLF15,North Nottinghamshire,F (41-43),Construction,327,361,366,386,442,450,485,590,636,654,685,540,520,563,572,617,635,674,785,840,861,901,862,968,1040
TLF15,North Nottinghamshire,G-T,Services sector,2969,3022,3142,3310,3406,3581,3833,4073,4216,4427,4648,4634,4779,4952,5084,5076,5204,5338,5492,5732,6011,6188,6172,6613,7064
TLF16,South Nottinghamshire,A-E,Production sector,822,840,797,734,777,779,805,858,902,913,892,924,967,979,1081,1164,1159,1136,1079,1164,1248,1385,1341,1325,1419
TLF16,South Nottinghamshire,F (41-43),Construction,161,180,184,192,221,225,234,279,306,320,330,253,250,281,312,342,390,404,406,406,449,460,404,462,557
TLF16,South Nottinghamshire,G-T,Services sector,2382,2468,2526,2719,2767,2858,3007,3178,3282,3479,3645,3620,3719,3738,3828,3913,3909,4097,4269,4368,4648,4699,4819,5137,5728
TLF21,Leicester,A-E,Production sector,981,959,1026,970,943,971,972,930,927,1001,979,960,1047,1056,1164,1210,1312,1340,1205,1414,1507,1542,1451,1536,1626
TLF21,Leicester,F (41-43),Construction,153,165,199,196,199,199,228,276,268,287,283,245,231,235,253,276,298,289,275,296,293,300,244,287,364
TLF21,Leicester,G-T,Services sector,2680,2805,2908,3083,3224,3497,3817,4058,4452,4678,4960,4973,5189,5232,5359,5536,6015,6263,6631,6536,6820,7068,6855,7578,8006
TLF22,Leicestershire CC and Rutland,A-E,Production sector,2578,2444,2630,2725,2887,3046,3194,3114,3277,3415,3870,3875,3910,3808,4201,4455,4456,4420,4259,4400,4553,4584,4078,4290,4750
TLF22,Leicestershire CC and Rutland,F (41-43),Construction,612,676,808,803,832,870,1010,1136,1110,1160,1063,895,875,894,894,994,1126,1346,1343,1444,1561,1606,1213,1529,1831
TLF22,Leicestershire CC and Rutland,G-T,Services sector,5550,5782,5990,6234,6439,6928,7202,7638,8346,8814,9192,8924,9376,9250,9460,9648,10155,10577,11186,11544,11963,12184,11973,13511,14990
TLF24,West Northamptonshire,A-E,Production sector,1166,1052,1124,1113,1128,1057,1003,993,1080,1155,1234,1147,1285,1349,1458,1622,1727,1809,1856,1816,1836,1984,1861,1898,1977
TLF24,West Northamptonshire,F (41-43),Construction,397,438,523,520,537,558,648,734,716,750,693,586,571,582,569,617,705,871,895,944,1109,1225,997,1200,1370
TLF24,West Northamptonshire,G-T,Services sector,3771,3933,4160,4385,4552,4889,5190,5499,6067,6463,6774,6679,6888,6917,6962,7323,7534,7679,8017,8696,9296,9434,9286,10322,11255
TLF25,North Northamptonshire,A-E,Production sector,1183,1161,1221,1178,1167,1213,1212,1158,1173,1254,1330,1239,1357,1338,1498,1565,1647,1594,1614,1632,1613,1702,1529,1620,1777
TLF25,North Northamptonshire,F (41-43),Construction,246,265,318,316,318,319,367,412,394,410,391,339,322,325,313,341,366,418,422,433,469,529,399,508,644
TLF25,North Northamptonshire,G-T,Services sector,2195,2295,2353,2467,2508,2708,2848,3015,3247,3413,3571,3491,3623,3544,3724,3810,3986,4199,4344,4466,4761,4842,4867,5312,5781
TLF30,Lincolnshire CC,A-E,Production sector,2556,2527,2576,2583,2745,2796,2469,2370,2360,2531,2727,2635,2633,2781,2927,3162,3225,3259,3386,3601,3722,3734,3648,3805,4015
TLF30,Lincolnshire CC,F (41-43),Construction,430,514,548,624,666,733,798,795,859,845,889,735,765,745,739,842,861,991,1000,1063,993,1060,961,1073,1225
TLF30,Lincolnshire CC,G-T,Services sector,4765,4825,5115,5615,5878,6283,6466,6783,7425,7828,8254,8124,8217,8303,8701,9021,9311,9385,9426,10071,10523,11182,10931,12070,12891
TLG11,"Herefordshire, County of",A-E,Production sector,750,756,816,776,824,817,693,651,657,671,727,696,724,788,805,861,926,936,930,976,1079,1167,1054,1144,1208
TLG11,"Herefordshire, County of",F (41-43),Construction,86,105,109,115,117,128,153,157,162,178,187,139,137,146,152,161,158,172,178,199,214,241,202,209,245
TLG11,"Herefordshire, County of",G-T,Services sector,1328,1415,1460,1513,1591,1658,1743,1804,1890,1926,2022,1992,1982,2058,2139,2217,2334,2410,2436,2517,2601,2641,2637,2817,3003
TLG12,Worcestershire CC,A-E,Production sector,1711,1653,1788,1686,1688,1805,1907,1885,2097,2083,2172,2071,2245,2471,2735,2888,2939,2917,2652,2695,2885,2811,2527,2575,2618
TLG12,Worcestershire CC,F (41-43),Construction,293,356,372,393,399,436,519,533,550,600,627,468,462,492,500,542,542,622,635,717,764,969,760,853,1030
TLG12,Worcestershire CC,G-T,Services sector,4816,5122,5319,5565,5716,6055,6373,6634,7031,6942,7289,7417,7506,7806,8157,8419,8962,9086,9383,10132,10398,10642,10824,11038,11966
TLG13,Warwickshire CC,A-E,Production sector,1686,1680,1908,1809,1770,1723,1724,1769,1966,1959,2058,1889,2136,2289,2534,3001,3603,4156,4423,5429,5535,5456,4972,4826,4409
TLG13,Warwickshire CC,F (41-43),Construction,565,690,718,756,763,845,1004,1035,1064,1116,1116,877,877,944,1021,1169,1236,1277,1243,1411,1395,1398,1116,1198,1304
TLG13,Warwickshire CC,G-T,Services sector,5611,6084,6196,6396,6734,7272,7538,8037,8434,8595,8971,8820,9047,9431,9999,10442,10658,11073,11219,11961,12418,12625,12228,12920,14739
TLG21,Telford and Wrekin,A-E,Production sector,745,703,716,710,745,741,690,688,705,713,719,592,690,730,776,832,879,886,1019,1074,1123,1219,1227,1354,1512
TLG21,Telford and Wrekin,F (41-43),Construction,64,63,71,74,80,85,89,99,105,103,101,85,84,88,85,91,107,142,158,169,168,198,168,187,234
TLG21,Telford and Wrekin,G-T,Services sector,1512,1637,1633,1775,1806,1913,2112,2193,2266,2319,2423,2463,2431,2497,2568,2655,2686,2699,2920,3019,3128,3234,3338,3916,4398
TLG22,Shropshire CC,A-E,Production sector,902,869,878,866,922,907,881,855,882,869,963,872,953,1002,1020,1097,1217,1202,1188,1155,1256,1206,1210,1312,1514
TLG22,Shropshire CC,F (41-43),Construction,169,167,189,197,217,235,245,273,289,282,263,216,217,227,244,297,321,380,420,477,520,478,403,441,445
TLG22,Shropshire CC,G-T,Services sector,2271,2352,2422,2576,2732,2945,3166,3332,3433,3566,3794,3712,3727,3792,3860,3940,4010,4047,4226,4368,4525,4652,4542,5327,5897
TLG23,Stoke-on-Trent,A-E,Production sector,842,799,785,792,824,794,733,714,700,721,828,862,839,818,868,923,891,910,803,821,890,900,804,900,1067
TLG23,Stoke-on-Trent,F (41-43),Construction,150,147,167,174,190,206,216,242,259,250,242,197,201,214,208,215,218,243,259,308,326,345,259,289,355
TLG23,Stoke-on-Trent,G-T,Services sector,1800,1852,1900,1968,2065,2249,2546,2717,2869,2988,3153,3114,3179,3337,3421,3512,3610,3691,3812,4110,4403,4546,4693,5326,5423
TLG24,Staffordshire CC,A-E,Production sector,2889,2788,2746,2689,2816,2780,2651,2617,2660,2640,2707,2307,2616,2794,2874,3131,3179,3202,3272,3550,3689,3692,3497,4137,4517
TLG24,Staffordshire CC,F (41-43),Construction,796,777,888,921,1004,1090,1149,1296,1396,1340,1323,1060,1102,1200,1131,1272,1329,1529,1573,1583,1543,1601,1391,1561,1796
TLG24,Staffordshire CC,G-T,Services sector,6220,6452,6603,7010,7423,7975,8739,9141,9368,9739,10333,10147,10393,10549,10706,10833,11275,11805,12196,12678,13147,13638,13096,15246,16355
TLG31,Birmingham,A-E,Production sector,2837,2753,2816,2730,2682,2707,2673,2666,2567,2633,2658,2533,2560,2576,2579,2857,3160,3182,3131,3108,2963,2755,2433,2405,2394
TLG31,Birmingham,F (41-43),Construction,720,790,828,915,1078,1109,1190,1324,1407,1546,1466,1147,1150,1074,1019,1005,1171,1218,1334,1350,1572,1592,1484,1658,1665
TLG31,Birmingham,G-T,Services sector,10078,10504,10800,11637,12137,13000,13889,14707,15193,15928,16361,16623,17226,17671,18205,19109,19591,20298,21498,22191,23193,23990,22953,25178,27954
TLG32,Solihull,A-E,Production sector,1490,1409,1506,1521,1399,1335,1246,1186,1098,1033,1068,1121,1402,1554,1703,1724,1832,1941,2212,2294,2078,1891,1421,1276,1188
TLG32,Solihull,F (41-43),Construction,240,261,275,299,344,372,399,442,460,513,485,368,378,361,345,397,480,530,556,554,537,597,588,629,777
TLG32,Solihull,G-T,Services sector,2464,2573,2697,2876,3007,3211,3379,3622,3787,3975,3975,3692,3830,3853,4012,4248,4395,4904,5595,6294,6786,7178,6463,6918,7746
TLG33,Coventry,A-E,Production sector,1330,1294,1317,1308,1209,1200,1155,1158,1101,1146,1228,1200,1322,1374,1517,1982,2172,2390,2704,2621,2573,2491,1895,1800,1944
TLG33,Coventry,F (41-43),Construction,73,80,84,93,109,113,122,137,145,158,148,116,122,116,143,171,195,208,205,223,254,284,224,241,313
TLG33,Coventry,G-T,Services sector,3547,3685,3795,4040,4208,4458,4759,5103,5226,5511,5704,5755,6000,6098,6078,5809,6221,6507,7073,6975,7136,7407,7292,7852,8465
TLG36,Dudley,A-E,Production sector,1001,996,1013,952,915,934,846,833,802,826,815,726,743,795,825,967,1008,996,922,908,912,968,868,940,1034
TLG36,Dudley,F (41-43),Construction,229,253,268,297,360,354,379,445,476,506,462,382,417,394,399,425,450,415,409,469,450,504,474,492,633
TLG36,Dudley,G-T,Services sector,2009,2091,2112,2306,2387,2436,2634,2714,2823,2935,3012,2921,3012,3075,3222,3177,3220,3301,3566,3721,3790,3801,3590,4007,4264
TLG37,Sandwell,A-E,Production sector,1630,1577,1558,1473,1516,1560,1481,1457,1509,1442,1529,1526,1447,1411,1469,1582,1713,1636,1674,1741,1731,1737,1732,1530,1531
TLG37,Sandwell,F (41-43),Construction,140,154,163,182,221,215,230,268,289,307,283,234,249,232,245,279,356,327,362,353,356,393,407,412,518
TLG37,Sandwell,G-T,Services sector,1907,1981,2022,2176,2253,2383,2561,2700,2813,2898,2909,2861,2987,3002,3096,3159,3398,3759,3977,4239,4474,4261,4092,4451,4750
TLG38,Walsall,A-E,Production sector,809,775,788,754,732,731,703,701,660,695,700,608,642,646,723,806,889,858,842,768,755,781,707,781,832
TLG38,Walsall,F (41-43),Construction,127,140,147,162,192,196,211,239,253,276,257,204,214,202,217,249,284,279,316,327,350,347,323,328,486
TLG38,Walsall,G-T,Services sector,1698,1778,1793,1890,1959,2074,2228,2342,2422,2476,2550,2495,2609,2817,2873,3024,3183,3299,3502,3628,3597,3538,3265,3629,3771
TLG39,Wolverhampton,A-E,Production sector,954,959,987,952,936,920,880,882,870,853,846,740,717,783,788,819,866,817,794,824,931,996,949,1051,1154
TLG39,Wolverhampton,F (41-43),Construction,205,227,236,265,317,314,337,370,401,439,424,336,317,287,314,313,318,326,350,302,286,311,301,354,384
TLG39,Wolverhampton,G-T,Services sector,1854,1941,1994,2159,2258,2393,2515,2668,2764,2874,2987,2961,3087,3204,3134,3164,3193,3070,3377,3729,3908,3949,3676,4055,4532
TLH11,Peterborough,A-E,Production sector,690,676,701,730,792,794,789,798,883,940,963,806,980,1078,1145,1182,1156,1029,966,1072,1103,1122,1012,1279,1424
TLH11,Peterborough,F (41-43),Construction,119,134,144,156,176,182,193,206,231,233,229,200,198,210,198,193,245,320,333,306,308,346,338,360,443
TLH11,Peterborough,G-T,Services sector,2424,2568,2555,2684,2689,2819,3091,3530,3921,3938,3840,3639,3577,3609,3711,3675,4032,3963,4401,4932,5371,4981,4976,5199,5322
TLH12,Cambridgeshire CC,A-E,Production sector,2138,2070,2105,2140,2290,2292,2194,2157,2348,2432,2666,2643,2805,3053,3090,3242,3490,3413,3395,3473,3480,3706,3715,3752,3999
TLH12,Cambridgeshire CC,F (41-43),Construction,442,499,541,578,645,694,728,770,870,877,873,785,776,824,779,858,978,1041,1153,1179,1241,1261,1182,1208,1523
TLH12,Cambridgeshire CC,G-T,Services sector,6248,6662,7064,7536,7874,8344,8811,9357,9945,10411,10763,10888,11204,11209,11932,12156,12337,13073,13646,14498,14735,15793,16033,17094,18322
TLH14,Suffolk CC,A-E,Production sector,2348,2244,2329,2283,2351,2358,2253,2252,2420,2484,2691,2681,2655,2729,2894,2975,3110,3158,3099,3299,3214,3381,3223,3156,3225
TLH14,Suffolk CC,F (41-43),Construction,518,587,634,683,764,816,862,916,1028,1032,1022,912,899,952,953,1011,1094,1230,1324,1405,1623,1748,1735,1742,1959
TLH14,Suffolk CC,G-T,Services sector,6401,6853,7257,7655,7979,8453,8962,9586,10175,10431,10597,10420,10622,10824,11230,11750,12091,12366,13034,13401,13565,14317,13389,14567,15627
TLH15,Norwich and East Norfolk,A-E,Production sector,696,658,696,684,711,710,697,690,740,750,825,826,830,879,931,955,988,961,922,965,935,982,957,972,1237
TLH15,Norwich and East Norfolk,F (41-43),Construction,217,246,267,283,314,342,357,374,427,431,432,393,389,415,396,410,451,466,494,512,550,604,552,583,672
TLH15,Norwich and East Norfolk,G-T,Services sector,3095,3223,3423,3647,3829,4092,4321,4599,5015,5231,5469,5716,5746,5705,6105,6486,6605,6778,6915,7521,7251,8357,7727,8487,9184
TLH16,North and West Norfolk,A-E,Production sector,994,959,999,956,998,1011,914,896,891,910,1021,1021,999,1056,1127,1187,1220,1167,1133,1136,1136,1160,1165,1178,1270
TLH16,North and West Norfolk,F (41-43),Construction,119,134,145,155,174,183,192,204,230,233,232,206,204,217,217,214,239,263,303,304,313,334,318,326,412
TLH16,North and West Norfolk,G-T,Services sector,1466,1557,1642,1757,1841,1970,2083,2200,2316,2398,2478,2489,2535,2552,2639,2693,2775,2841,2964,3033,3059,3159,3029,3293,3497
TLH17,Breckland and South Norfolk,A-E,Production sector,642,627,668,666,703,704,663,659,710,728,794,782,790,844,849,895,952,914,900,912,871,920,932,1094,1229
TLH17,Breckland and South Norfolk,F (41-43),Construction,211,242,263,280,308,351,370,386,436,436,436,409,399,424,415,435,473,485,502,526,472,487,472,492,610
TLH17,Breckland and South Norfolk,G-T,Services sector,1551,1668,1792,1917,1999,2119,2249,2371,2520,2599,2656,2680,2757,2789,2943,3029,3125,3226,3366,3458,3565,3858,3889,4120,4248
TLH21,Luton,A-E,Production sector,832,779,810,749,714,650,632,665,723,786,852,693,723,755,820,916,1006,1027,1032,1132,1125,1029,641,656,783
TLH21,Luton,F (41-43),Construction,83,95,108,111,122,128,130,145,140,148,158,135,136,150,161,178,269,316,348,330,307,292,269,275,260
TLH21,Luton,G-T,Services sector,1912,2059,2276,2501,2613,2831,2879,2977,3046,3199,3350,3240,3244,3190,3270,3606,3953,4104,4151,4372,4477,4814,4329,4599,5606
TLH23,Hertfordshire CC,A-E,Production sector,2948,3110,3192,3147,3173,3416,3391,3813,4083,4253,4906,4533,4278,4070,3940,4217,4412,4383,4577,4655,4545,4794,5255,5346,5462
TLH23,Hertfordshire CC,F (41-43),Construction,1357,1552,1769,1821,2020,2064,2120,2419,2346,2480,2600,2063,2113,2349,2469,2760,3047,3482,3602,3868,4051,4076,3513,3628,4262
TLH23,Hertfordshire CC,G-T,Services sector,14237,15033,15742,16697,17198,18292,19216,20320,20826,21816,22722,22380,22109,21959,22381,23660,25244,26263,27503,30096,30994,32482,30737,33901,36712
TLH24,Bedford,A-E,Production sector,483,475,465,431,439,460,433,492,525,521,554,528,479,462,512,534,617,621,676,681,609,676,512,559,719
TLH24,Bedford,F (41-43),Construction,112,127,146,149,164,160,163,188,181,191,203,164,171,189,198,226,239,278,289,312,326,356,322,364,419
TLH24,Bedford,G-T,Services sector,1457,1554,1646,1785,1861,1975,2069,2199,2263,2360,2478,2439,2440,2404,2422,2467,2585,2665,2719,2988,3088,3266,3086,3491,3625
TLH25,Central Bedfordshire,A-E,Production sector,630,624,632,588,624,645,576,607,598,578,579,528,577,570,640,769,797,823,846,946,918,897,829,877,960
TLH25,Central Bedfordshire,F (41-43),Construction,251,288,327,337,373,382,391,443,429,454,479,391,399,441,490,553,592,645,603,620,579,534,457,470,539
TLH25,Central Bedfordshire,G-T,Services sector,2009,2097,2240,2387,2472,2576,2676,2794,2876,3017,3183,3145,3160,3204,3239,3360,3573,3672,4062,4434,4576,4587,4164,4616,4936
TLH31,Southend-on-Sea,A-E,Production sector,272,268,276,273,273,260,255,256,280,259,273,256,279,272,285,256,270,265,275,298,309,314,319,372,422
TLH31,Southend-on-Sea,F (41-43),Construction,83,88,93,105,113,128,125,136,136,148,147,138,145,153,139,182,217,229,229,242,231,194,130,165,182
TLH31,Southend-on-Sea,G-T,Services sector,1170,1222,1279,1384,1457,1607,1708,1765,1876,1971,2045,2076,2067,2069,2154,2163,2207,2226,2323,2504,2611,2572,2265,2515,2718
TLH32,Thurrock,A-E,Production sector,641,553,459,447,413,494,524,638,680,724,691,709,702,596,652,589,570,601,495,539,566,571,439,425,497
TLH32,Thurrock,F (41-43),Construction,123,130,140,159,164,192,196,211,212,223,215,197,204,220,222,240,266,278,276,338,381,407,319,380,494
TLH32,Thurrock,G-T,Services sector,1333,1383,1493,1635,1691,1907,1962,1990,2049,2105,2195,2152,2222,2161,2218,2181,2405,2607,2793,3155,3292,3375,3342,3898,4625
TLH34,Essex Haven Gateway,A-E,Production sector,1008,933,901,895,860,881,862,859,911,934,995,919,994,976,1014,1060,1195,1240,1277,1293,1291,1282,1156,1119,1244
TLH34,Essex Haven Gateway,F (41-43),Construction,302,319,341,386,413,466,463,506,513,554,538,499,520,553,554,582,667,791,803,903,915,938,666,863,996
TLH34,Essex Haven Gateway,G-T,Services sector,3308,3405,3679,3988,4101,4525,4703,4868,5028,5185,5379,5312,5475,5517,5697,5780,5994,6381,6998,7783,7934,8008,7493,8534,9252
TLH35,West Essex,A-E,Production sector,613,568,586,580,576,572,546,538,578,560,581,529,586,589,593,659,672,673,770,816,832,774,797,833,894
TLH35,West Essex,F (41-43),Construction,450,473,504,565,632,684,660,741,767,846,818,758,792,833,789,884,1015,1092,1089,1119,1114,1167,1028,1243,1387
TLH35,West Essex,G-T,Services sector,3095,3268,3439,3692,3880,4328,4527,4621,4813,4986,5128,4966,5147,4965,5009,5064,5098,5518,5899,6430,6688,6687,5837,6481,7122
TLH36,Heart of Essex,A-E,Production sector,844,758,783,800,826,873,860,785,817,805,836,782,861,848,896,916,1121,1257,1301,1285,1241,1255,1138,1205,1406
TLH36,Heart of Essex,F (41-43),Construction,448,472,503,564,627,683,662,741,764,840,812,753,786,828,726,782,980,1138,1198,1498,1674,1626,1265,1456,1651
TLH36,Heart of Essex,G-T,Services sector,3180,3273,3503,3829,3875,4232,4356,4527,4736,4921,5026,5080,5091,5081,5320,5422,5704,5772,5883,6198,6426,6841,6498,7256,7808
TLH37,Essex Thames Gateway,A-E,Production sector,1379,1307,1412,1398,1355,1377,1307,1363,1397,1398,1550,1219,1431,1422,1484,1611,1317,989,1046,1034,1044,1030,1078,1118,1186
TLH37,Essex Thames Gateway,F (41-43),Construction,290,308,326,370,393,450,445,478,471,512,511,486,508,538,534,600,663,691,680,749,780,817,591,726,920
TLH37,Essex Thames Gateway,G-T,Services sector,2381,2466,2650,2866,2993,3318,3413,3518,3680,3829,4003,3974,4041,4055,4315,4506,5007,5319,5608,5878,6123,6543,6430,7104,8014
TLI31,Camden and City of London,A-E,Production sector,709,782,864,849,883,795,873,791,879,1067,975,1123,820,718,640,740,790,915,954,1048,1129,1561,1784,1628,1808
TLI31,Camden and City of London,F (41-43),Construction,437,506,657,699,632,671,654,656,735,891,1151,935,921,987,1108,1391,1416,1568,1862,1822,2013,2090,1735,1924,2288
TLI31,Camden and City of London,G-T,Services sector,33122,33753,37043,37817,39668,43040,46260,52043,56820,62476,62161,65122,69304,71491,72288,76762,82377,86578,95683,100112,104649,108932,107357,120516,129856
TLI32,Westminster,A-E,Production sector,593,571,571,534,549,523,584,565,637,686,727,794,768,729,683,772,868,963,893,1013,1077,1085,1284,1184,1368
TLI32,Westminster,F (41-43),Construction,626,725,944,1004,911,964,940,929,1026,1248,1641,1341,1370,1483,1731,2031,2142,2158,1909,1999,2024,2153,1786,1764,2286
TLI32,Westminster,G-T,Services sector,24753,26077,28226,29567,30865,32513,33827,37170,38338,42317,44150,43568,45540,47048,49793,51962,55815,55784,61790,65414,68974,72314,66857,74602,85795
TLI33,Kensington & Chelsea and Hammersmith & Fulham,A-E,Production sector,346,352,368,354,371,352,360,363,413,401,426,397,379,342,359,281,263,292,315,384,469,508,511,508,475
TLI33,Kensington & Chelsea and Hammersmith & Fulham,F (41-43),Construction,113,129,165,174,159,170,168,175,203,240,293,241,221,233,272,328,375,422,406,406,397,427,268,304,359
TLI33,Kensington & Chelsea and Hammersmith & Fulham,G-T,Services sector,6949,7474,8024,8484,8799,9217,9748,10359,10538,11681,12514,12025,12361,13183,14860,16282,17638,18146,18429,19045,20476,20715,19073,19733,21254
TLI34,Wandsworth,A-E,Production sector,238,248,253,241,250,235,222,230,236,239,233,227,204,187,181,192,191,224,180,188,196,236,221,240,272
TLI34,Wandsworth,F (41-43),Construction,108,120,149,154,145,157,160,173,209,239,270,228,191,199,213,244,265,297,258,245,237,217,179,233,319
TLI34,Wandsworth,G-T,Services sector,2650,2905,3104,3349,3517,3668,3845,4159,4330,4731,4880,4692,4807,5063,5595,5859,6341,6695,6967,6873,7012,7013,6311,6594,7125
TLI41,Hackney and Newham,A-E,Production sector,861,869,871,796,815,747,741,735,731,751,758,762,766,768,763,866,849,770,808,846,813,892,933,989,865
TLI41,Hackney and Newham,F (41-43),Construction,247,278,347,362,343,359,371,381,424,496,559,525,589,628,643,635,630,689,626,772,842,885,695,732,961
TLI41,Hackney and Newham,G-T,Services sector,4064,4295,4632,4996,5239,5650,5912,6436,6674,7171,7551,7408,7685,8149,8632,8953,9786,10394,11009,11716,12636,14151,13852,15460,17018
TLI42,Tower Hamlets,A-E,Production sector,326,327,329,335,325,313,340,319,351,369,366,498,423,656,678,697,573,604,567,581,653,662,716,580,922
TLI42,Tower Hamlets,F (41-43),Construction,263,298,372,389,365,383,393,408,459,538,603,550,606,645,687,776,773,1030,1115,1174,1254,1096,679,612,633
TLI42,Tower Hamlets,G-T,Services sector,11724,11998,13275,13563,14280,15292,16443,18548,20401,22593,23509,24634,25717,27654,27037,28399,30318,30429,32505,35279,34206,33960,33220,34055,35002
TLI43,Haringey and Islington,A-E,Production sector,699,712,713,668,669,625,629,633,651,654,583,576,598,539,589,628,681,721,607,685,642,564,518,563,552
TLI43,Haringey and Islington,F (41-43),Construction,269,304,381,399,372,391,399,418,471,553,619,555,607,645,657,746,835,826,781,832,947,1012,659,677,721
TLI43,Haringey and Islington,G-T,Services sector,8206,8668,9531,9937,10364,10992,11622,12487,12976,14318,15149,15062,15636,16445,16993,18159,19463,20499,21024,21290,22248,22688,20871,22636,28748
TLI44,Lewisham and Southwark,A-E,Production sector,396,414,440,422,431,392,422,402,433,526,580,660,593,483,527,416,314,259,308,350,434,495,588,822,700
TLI44,Lewisham and Southwark,F (41-43),Construction,299,332,405,420,400,424,442,477,555,636,670,589,632,660,663,684,749,859,891,1041,1116,1059,684,741,787
TLI44,Lewisham and Southwark,G-T,Services sector,7656,8115,8870,9359,9737,10333,10886,11913,12351,13557,14273,14257,15081,16646,17564,18230,18255,19575,20584,20814,22237,23501,21554,22241,24094
TLI45,Lambeth,A-E,Production sector,218,233,267,253,268,258,247,245,252,281,293,286,261,243,266,277,253,260,226,226,214,241,251,288,261
TLI45,Lambeth,F (41-43),Construction,157,176,219,228,215,226,234,247,282,328,358,320,348,367,365,394,411,396,377,411,480,531,468,480,537
TLI45,Lambeth,G-T,Services sector,4327,4636,5051,5438,5524,5875,6257,6890,6993,7822,8343,8204,8865,9448,9631,9099,10456,10900,11555,11835,12088,11890,10297,11443,14055
TLI51,Bexley and Greenwich,A-E,Production sector,998,1049,1073,1066,1044,988,984,1004,1046,1066,1124,1159,1102,1081,1138,1170,1180,1113,1091,1104,1044,1041,927,868,910
TLI51,Bexley and Greenwich,F (41-43),Construction,401,438,467,499,525,561,572,622,678,755,779,653,725,740,823,916,963,1045,1141,1284,1331,1359,1019,1170,1371
TLI51,Bexley and Greenwich,G-T,Services sector,4251,4484,4664,4875,5145,5542,5811,6207,6566,6852,7048,6647,6945,7102,7423,7970,8214,8591,9139,9025,9260,9847,8657,8983,9728
TLI52,Barking & Dagenham and Havering,A-E,Production sector,1333,1259,1180,1109,1010,944,960,907,1094,1115,1167,1173,1331,1352,1468,1694,1649,1418,1247,1195,1160,1142,831,954,1067
TLI52,Barking & Dagenham and Havering,F (41-43),Construction,392,432,459,498,536,580,588,626,673,743,779,626,714,728,754,818,871,972,1047,1063,1081,1104,937,1151,1445
TLI52,Barking & Dagenham and Havering,G-T,Services sector,3542,3693,3852,4007,4162,4464,4684,4956,5178,5446,5433,5063,5198,5180,5536,5662,5963,6140,6393,6497,6830,7097,6427,7009,7771
TLI53,Redbridge and Waltham Forest,A-E,Production sector,378,404,397,376,359,341,332,344,338,332,324,307,294,292,313,315,307,295,281,329,342,361,328,316,337
TLI53,Redbridge and Waltham Forest,F (41-43),Construction,266,292,311,335,355,378,386,415,449,499,520,432,482,495,528,542,576,644,756,839,796,736,595,759,869
TLI53,Redbridge and Waltham Forest,G-T,Services sector,3952,4173,4369,4575,4836,5175,5484,5796,6174,6445,6437,5978,6090,6172,6697,6864,7136,7551,7742,7750,7998,8199,7109,7699,8670
TLI54,Enfield,A-E,Production sector,423,452,470,477,457,472,474,490,495,510,517,477,488,480,531,535,533,563,560,590,678,723,649,594,709
TLI54,Enfield,F (41-43),Construction,378,425,447,496,550,599,603,623,652,714,772,589,692,716,702,726,767,796,835,776,993,1048,954,1016,943
TLI54,Enfield,G-T,Services sector,2882,3023,3160,3285,3425,3685,3868,4071,4332,4576,4638,4385,4518,4544,4731,4899,5140,5473,5650,5680,5851,6075,5360,5776,6235
TLI61,Bromley,A-E,Production sector,297,296,295,289,297,286,276,269,294,283,248,234,218,194,205,218,226,222,230,267,275,298,355,255,248
TLI61,Bromley,F (41-43),Construction,344,379,405,435,463,499,507,537,577,643,672,537,574,605,658,632,630,660,707,760,832,847,684,595,618
TLI61,Bromley,G-T,Services sector,3775,4004,4052,4186,4413,4728,4977,5242,5615,5822,5829,5551,5622,5635,5956,6184,6249,6339,6596,6734,6768,6592,5917,6155,6627
TLI62,Croydon,A-E,Production sector,342,337,346,346,326,321,327,339,356,350,333,321,325,292,270,306,307,283,207,244,269,303,274,202,215
TLI62,Croydon,F (41-43),Construction,223,247,264,284,305,331,335,353,379,420,441,349,376,401,405,490,564,583,599,660,636,626,554,612,784
TLI62,Croydon,G-T,Services sector,4416,4641,4885,5074,5250,5602,5870,6251,6464,6931,6906,6688,6562,6484,6756,6697,7338,7393,7605,7730,8443,9093,8502,9027,9676
TLI63,"Merton, Kingston upon Thames and Sutton",A-E,Production sector,826,840,825,778,704,672,639,654,683,645,579,516,520,494,526,509,485,447,508,500,470,473,456,479,508
TLI63,"Merton, Kingston upon Thames and Sutton",F (41-43),Construction,562,618,662,704,733,767,786,847,910,1026,1068,874,911,937,1018,967,1058,1025,1054,1238,1226,1291,1027,1068,1122
TLI63,"Merton, Kingston upon Thames and Sutton",G-T,Services sector,6770,7203,7631,7909,8185,8656,9092,9585,10029,10678,10869,10278,10395,10482,10921,11314,12102,12363,13098,12815,12986,13370,12031,12346,13339
TLI71,Barnet,A-E,Production sector,328,348,353,327,305,274,262,265,290,268,246,249,239,211,237,235,228,229,225,232,224,223,244,214,244
TLI71,Barnet,F (41-43),Construction,336,376,401,436,473,512,519,542,576,637,689,572,616,651,642,586,569,605,715,839,985,966,787,922,983
TLI71,Barnet,G-T,Services sector,3485,3732,3883,4045,4236,4521,4723,4966,5295,5552,5549,5360,5415,5518,6058,6351,6866,7124,7339,7201,7367,7633,7350,7641,8406
TLI72,Brent,A-E,Production sector,590,705,739,721,726,634,573,579,645,587,536,511,513,488,505,590,592,567,587,603,639,684,625,718,828
TLI72,Brent,F (41-43),Construction,336,372,399,426,445,465,478,514,551,619,659,560,578,593,648,646,757,853,1022,1066,1090,1140,968,1021,1153
TLI72,Brent,G-T,Services sector,3118,3300,3466,3612,3746,3983,4133,4402,4641,4872,4940,4708,4794,4912,5347,5657,6171,6565,6697,6707,6693,7151,6596,6578,6986
TLI73,Ealing,A-E,Production sector,723,753,772,807,803,791,765,777,793,808,830,744,752,708,805,873,856,813,860,916,1064,1021,880,904,919
TLI73,Ealing,F (41-43),Construction,257,284,305,325,344,366,374,401,432,483,510,422,447,460,467,477,574,620,688,756,827,732,720,751,845
TLI73,Ealing,G-T,Services sector,3761,4007,4193,4326,4463,4733,4927,5147,5448,5726,5756,5471,5550,5752,6197,6639,7161,7565,7826,7432,7343,7550,7240,7131,7220
TLI74,Harrow and Hillingdon,A-E,Production sector,859,908,896,893,879,809,798,806,842,811,790,969,991,1032,1044,1078,999,992,991,1061,1155,1250,1392,1357,1396
TLI74,Harrow and Hillingdon,F (41-43),Construction,483,537,575,620,666,718,729,770,825,915,978,806,866,905,957,1004,1087,1225,1516,1671,1803,1737,1348,1440,1657
TLI74,Harrow and Hillingdon,G-T,Services sector,9889,10411,10920,11050,11314,12000,12477,12985,13252,13765,13772,12385,12731,13188,13333,14046,15634,16001,15637,16116,16368,16638,12659,13063,14318
TLI75,Hounslow and Richmond upon Thames,A-E,Production sector,639,650,693,696,693,672,684,730,756,756,829,988,965,944,902,879,889,852,746,753,788,812,627,671,827
TLI75,Hounslow and Richmond upon Thames,F (41-43),Construction,313,347,372,400,426,457,465,495,531,591,629,519,555,576,720,977,1115,1285,955,904,1046,1107,920,983,1176
TLI75,Hounslow and Richmond upon Thames,G-T,Services sector,8607,9218,9890,10288,10608,11006,11321,11961,13251,14299,15014,14518,14809,15160,16441,17292,18493,19439,21156,21646,21956,22521,17979,17615,19969
TLJ11,Berkshire,A-E,Production sector,3173,3144,3229,3159,3189,3382,3366,3611,3731,3769,3899,4000,3892,3930,4292,4491,4973,4757,4897,5301,5563,5866,5939,5672,5849
TLJ11,Berkshire,F (41-43),Construction,816,959,1072,1190,1219,1278,1281,1447,1472,1682,1740,1452,1479,1595,1661,1744,1716,1829,1825,1893,1961,2047,2093,2062,2496
TLJ11,Berkshire,G-T,Services sector,16635,18021,19173,19602,20520,22061,22810,24042,25024,26260,27352,27269,27796,29133,30141,30639,31557,32820,33840,34601,36701,38595,39203,42095,46343
TLJ12,Milton Keynes,A-E,Production sector,863,804,816,782,800,819,743,772,685,675,693,659,694,726,748,858,950,1005,1122,1248,1314,1376,1438,1384,1476
TLJ12,Milton Keynes,F (41-43),Construction,144,170,193,213,223,237,236,274,275,312,310,245,256,277,264,310,307,378,403,395,423,480,531,513,671
TLJ12,Milton Keynes,G-T,Services sector,4147,4370,4688,5083,5515,6052,6110,6421,6893,7292,7576,7364,7722,8004,8232,8622,9653,10805,10464,11368,11774,12012,11473,12418,12893
TLJ13,Buckinghamshire CC,A-E,Production sector,1410,1366,1414,1369,1458,1445,1367,1403,1371,1347,1451,1391,1345,1401,1396,1380,1373,1400,1384,1453,1564,1684,1708,1717,1800
TLJ13,Buckinghamshire CC,F (41-43),Construction,464,550,624,691,720,764,762,880,879,993,987,803,830,900,853,1042,1043,1195,1189,1208,1308,1465,1651,1536,1778
TLJ13,Buckinghamshire CC,G-T,Services sector,6384,6737,7040,7353,7519,7961,8158,8584,8951,9383,9979,9938,10053,10384,10731,10960,11368,11298,11638,11741,12066,12995,12499,13432,14477
TLJ14,Oxfordshire CC,A-E,Production sector,2449,2364,2417,2280,2520,2595,2508,2604,2589,2614,2761,2700,2669,2790,2869,3007,3008,3016,2852,2963,3044,3336,3557,3768,4349
TLJ14,Oxfordshire CC,F (41-43),Construction,413,486,549,607,631,670,667,769,777,883,889,708,736,797,881,1018,1077,1121,1127,1113,1200,1289,1404,1216,1302
TLJ14,Oxfordshire CC,G-T,Services sector,8033,8470,8915,9307,9837,10425,10682,11116,11565,12153,13069,12930,13523,13907,14398,14918,15832,16464,16528,16988,17815,18965,19666,20534,22567
TLJ21,Brighton and Hove,A-E,Production sector,312,327,320,293,320,344,333,311,349,372,422,481,421,423,500,565,639,680,699,658,748,673,613,611,719
TLJ21,Brighton and Hove,F (41-43),Construction,92,108,119,123,142,142,149,158,172,194,202,167,172,178,173,196,235,243,243,290,287,244,226,274,327
TLJ21,Brighton and Hove,G-T,Services sector,2943,3135,3313,3607,3726,3863,4032,4376,4697,4835,5075,5103,5161,5264,5670,5989,6180,6403,6802,7157,7419,7968,7895,8738,10216
TLJ22,East Sussex CC,A-E,Production sector,802,855,844,830,845,835,787,808,814,839,850,783,800,804,767,794,859,916,968,937,1028,1058,1034,1014,1165
TLJ22,East Sussex CC,F (41-43),Construction,258,302,333,345,392,386,404,428,469,530,553,478,491,503,453,499,597,654,635,686,722,735,643,795,883
TLJ22,East Sussex CC,G-T,Services sector,3550,3699,3894,4138,4310,4553,4704,4969,5191,5287,5736,5635,5661,5712,5830,5940,6141,6488,6939,7131,7207,7551,7578,8240,8640
TLJ25,West Surrey,A-E,Production sector,1860,1938,1968,1839,1878,1962,1912,1898,2031,2061,2125,2115,2277,2287,2435,2737,2783,2801,2830,3058,2798,2947,2872,2616,2307
TLJ25,West Surrey,F (41-43),Construction,787,931,1024,1049,1226,1246,1295,1350,1453,1649,1687,1372,1444,1474,1489,1640,1896,2027,2024,2085,2303,2597,2119,2258,2659
TLJ25,West Surrey,G-T,Services sector,11759,12532,13350,14037,14263,14823,15201,16027,17068,17544,18667,18692,19085,19346,19984,20685,21865,23149,23600,24214,25515,27099,28100,28814,30345
TLJ26,East Surrey,A-E,Production sector,411,399,379,339,359,348,318,336,345,356,384,359,379,386,433,395,429,493,549,586,670,717,717,596,619
TLJ26,East Surrey,F (41-43),Construction,589,703,773,783,928,959,993,1020,1085,1235,1246,984,1059,1071,1071,1101,1200,1326,1209,1208,1180,1361,1036,1153,1253
TLJ26,East Surrey,G-T,Services sector,7008,7338,7596,8046,8157,8349,8901,9459,10488,10780,11097,11508,11624,11490,12214,12892,12899,12378,12205,12373,11616,11713,11205,12133,14122
TLJ27,West Sussex (South West),A-E,Production sector,1170,1461,1494,1393,1618,1686,1556,1480,1474,1619,1698,1441,1571,1588,1664,1759,1769,1944,2147,2663,2893,2968,2855,2887,2589
TLJ27,West Sussex (South West),F (41-43),Construction,170,199,219,227,258,253,265,281,308,348,364,315,323,331,339,363,390,434,421,468,467,515,441,500,633
TLJ27,West Sussex (South West),G-T,Services sector,3607,3728,3916,4151,4288,4559,4731,4939,5232,5309,5708,5709,5811,5887,6219,6354,6419,6689,7003,7141,7371,7672,7628,8263,9702
TLJ28,West Sussex (North East),A-E,Production sector,1153,1211,1204,1121,1236,1258,1239,1190,1253,1292,1430,1358,1486,1541,1657,1615,1621,1592,1676,1838,1857,1780,1738,1730,1582
TLJ28,West Sussex (North East),F (41-43),Construction,292,344,380,390,442,435,453,475,519,588,610,536,556,564,542,549,597,700,672,747,826,889,859,944,1031
TLJ28,West Sussex (North East),G-T,Services sector,5092,5320,5486,5688,5832,6047,6094,6335,6691,6887,7413,7275,7436,7496,7805,7963,8253,8847,9230,9474,9896,10314,8981,9763,11189
TLJ31,Portsmouth,A-E,Production sector,479,555,518,490,527,529,529,540,549,586,630,614,611,636,822,919,899,929,826,956,964,1094,1331,1110,970
TLJ31,Portsmouth,F (41-43),Construction,106,110,126,136,152,166,173,197,195,208,212,185,185,201,203,221,252,283,302,306,274,272,271,267,327
TLJ31,Portsmouth,G-T,Services sector,2243,2245,2396,2570,2713,2859,3105,3302,3444,3685,3932,3950,4047,4109,4208,4233,4411,4333,4379,4570,4691,5071,4769,5365,6212
TLJ32,Southampton,A-E,Production sector,494,439,408,381,442,513,500,470,537,532,535,600,647,653,759,712,547,539,637,1109,1342,1699,2390,2413,2397
TLJ32,Southampton,F (41-43),Construction,101,106,121,132,147,159,166,189,187,199,198,168,169,181,204,236,245,249,252,278,265,255,248,224,271
TLJ32,Southampton,G-T,Services sector,2752,2873,2999,3197,3424,3595,4057,4347,4391,4681,5010,5180,5299,5737,5669,5824,6189,6681,6644,6890,6951,6901,5837,6294,7355
TLJ34,Isle of Wight,A-E,Production sector,215,233,246,217,224,249,241,234,246,257,283,259,246,267,273,292,291,288,312,334,320,382,346,326,376
TLJ34,Isle of Wight,F (41-43),Construction,52,55,63,69,77,83,86,98,97,104,102,86,86,91,96,105,112,120,124,124,115,128,133,124,154
TLJ34,Isle of Wight,G-T,Services sector,927,950,989,1057,1147,1189,1293,1346,1426,1452,1538,1515,1563,1608,1695,1805,1915,1956,1881,1962,2016,2127,2076,2297,2537
TLJ35,South Hampshire,A-E,Production sector,1338,1317,1350,1229,1267,1303,1301,1313,1334,1412,1558,1533,1701,1794,1785,1902,1867,1839,1744,1688,1701,1818,1896,1719,1815
TLJ35,South Hampshire,F (41-43),Construction,396,422,481,528,587,642,669,765,748,787,767,642,653,705,739,757,801,855,895,980,957,1011,1038,1000,1159
TLJ35,South Hampshire,G-T,Services sector,3876,3907,4124,4483,4652,4737,5009,5245,5518,5763,6066,6010,6249,6350,6711,6871,7388,7502,7849,8184,7918,8215,7693,8540,9170
TLJ36,Central Hampshire,A-E,Production sector,1697,1597,1600,1539,1482,1630,1629,1613,1502,1618,1658,1615,1733,1800,1813,2012,2083,2177,2148,2120,2088,2297,2320,2340,2770
TLJ36,Central Hampshire,F (41-43),Construction,517,549,627,686,764,830,863,985,969,1028,1008,844,855,914,943,1011,1134,1230,1325,1424,1337,1418,1282,1303,1430
TLJ36,Central Hampshire,G-T,Services sector,5796,6003,6343,6761,6976,7127,7527,7898,8304,8638,9089,9081,9393,9576,9903,10024,10365,10873,11098,11590,12065,12706,11860,13021,14462
TLJ37,North Hampshire,A-E,Production sector,1334,1312,1398,1298,1424,1461,1471,1484,1397,1328,1348,1329,1348,1405,1388,1557,1606,1609,1606,1511,1554,1435,1265,1149,1212
TLJ37,North Hampshire,F (41-43),Construction,355,379,433,476,529,575,597,682,669,707,685,566,576,615,628,661,682,697,756,863,1011,1090,831,931,1227
TLJ37,North Hampshire,G-T,Services sector,5242,5406,5802,6378,6737,6906,7329,7700,8049,8729,9225,9386,9782,9976,10227,10683,10678,10826,11231,11724,12503,14098,14113,14584,15697
TLJ41,Medway,A-E,Production sector,582,593,559,549,578,600,617,664,692,703,743,735,763,758,911,958,933,964,957,973,917,1110,1230,1016,1139
TLJ41,Medway,F (41-43),Construction,183,207,208,229,241,273,273,321,326,350,376,337,346,364,363,400,440,454,469,555,574,632,543,601,698
TLJ41,Medway,G-T,Services sector,1825,1858,1926,2047,2162,2305,2460,2596,2730,2849,3038,2983,3064,3149,3197,3265,3356,3430,3638,3825,4000,4160,4220,4384,4879
TLJ43,Kent Thames Gateway,A-E,Production sector,1311,1346,1333,1332,1421,1498,1437,1346,1232,1246,1359,1156,1182,1211,1207,1127,1215,1336,1390,1338,1437,1606,1535,1682,1225
TLJ43,Kent Thames Gateway,F (41-43),Construction,307,347,349,384,411,469,476,555,562,603,628,543,561,591,614,804,907,1044,1176,1201,1123,1190,1146,1312,1415
TLJ43,Kent Thames Gateway,G-T,Services sector,2569,2623,2701,2853,3058,3216,3418,3623,3804,3988,4281,4108,4232,4350,4536,4655,4894,5099,5462,5413,5689,6002,5908,6243,6883
TLJ44,East Kent,A-E,Production sector,809,833,806,723,760,804,747,845,850,852,941,905,869,861,925,953,958,952,975,1093,1045,1097,1147,1028,1048
TLJ44,East Kent,F (41-43),Construction,239,269,271,299,319,363,367,428,434,465,487,423,437,461,461,516,517,576,538,616,665,685,611,693,849
TLJ44,East Kent,G-T,Services sector,4124,4324,4624,4853,4951,5228,5700,5910,5995,6154,6675,6390,6593,6832,6804,6944,7268,7527,7748,8046,8361,8546,8323,8804,9945
TLJ45,Mid Kent,A-E,Production sector,767,810,776,743,762,782,780,750,731,722,760,669,668,681,697,802,849,823,823,839,898,933,923,849,944
TLJ45,Mid Kent,F (41-43),Construction,245,278,277,304,321,363,371,432,440,478,510,460,468,487,488,471,510,519,531,591,669,744,707,830,970
TLJ45,Mid Kent,G-T,Services sector,2524,2559,2700,2876,3023,3178,3391,3610,3827,4043,4297,4168,4318,4414,4497,4561,4826,5122,5298,5423,5609,6068,6011,6287,6811
TLJ46,West Kent,A-E,Production sector,806,830,755,725,763,778,751,769,781,819,901,845,905,923,911,973,936,928,960,973,1022,1084,1052,1333,1073
TLJ46,West Kent,F (41-43),Construction,503,566,570,631,687,789,812,939,945,1015,1014,836,875,925,939,1049,951,1149,1165,1225,1300,1365,1315,1399,1645
TLJ46,West Kent,G-T,Services sector,4281,4379,4514,4753,4884,5057,5373,5759,5977,6180,6590,6600,6776,7022,7249,7433,7794,8239,8879,9263,9619,10064,9891,10078,11170
TLK11,"Bristol, City of",A-E,Production sector,748,763,759,728,799,819,837,808,857,888,827,837,865,817,846,922,920,719,865,943,873,904,872,911,839
TLK11,"Bristol, City of",F (41-43),Construction,285,322,349,444,458,455,464,506,519,566,573,499,513,531,550,576,667,701,712,874,872,1008,943,1120,1305
TLK11,"Bristol, City of",G-T,Services sector,5334,5573,5915,6465,6715,7069,7508,7776,8155,8829,9381,9727,10174,10156,10616,10737,11255,11981,12668,13425,13357,13997,13554,15511,17161
TLK12,"Bath and North East Somerset, North Somerset and South Gloucestershire",A-E,Production sector,2242,2315,2381,2328,2531,2702,2763,2839,3065,2995,3199,2971,2978,3118,3086,2771,2760,2801,2783,2908,2911,3080,3090,3155,3446
TLK12,"Bath and North East Somerset, North Somerset and South Gloucestershire",F (41-43),Construction,514,567,633,767,826,868,879,933,955,1015,1006,835,874,897,903,1002,1135,1322,1449,1503,1442,1440,1257,1551,1875
TLK12,"Bath and North East Somerset, North Somerset and South Gloucestershire",G-T,Services sector,6467,6808,7247,7897,8193,8598,9090,9427,9707,10287,10831,10975,11419,11552,12342,12877,13965,13874,14608,14736,15603,16425,16141,17817,20012
TLK13,Gloucestershire CC,A-E,Production sector,2537,2558,2588,2504,2614,2708,2636,2683,2679,2694,2685,2538,2801,2917,3125,3280,3372,3331,3170,3613,3561,3603,3149,3457,3888
TLK13,Gloucestershire CC,F (41-43),Construction,379,425,468,587,614,625,638,682,699,755,745,631,658,679,693,743,858,997,1032,1084,1051,1130,989,1274,1394
TLK13,Gloucestershire CC,G-T,Services sector,6070,6352,6665,7240,7398,7752,8268,8693,8974,9514,9913,10122,10588,10409,10577,10898,11454,11443,11845,12432,12979,14010,13713,14739,15161
TLK14,Swindon,A-E,Production sector,1309,1276,1247,1246,1411,1628,1658,1886,2215,2569,2871,2771,2604,2211,2327,2441,2609,2670,2449,2132,2372,2673,2241,1724,2164
TLK14,Swindon,F (41-43),Construction,158,185,199,270,267,258,273,285,293,326,301,252,269,282,306,327,336,341,350,392,388,314,253,313,390
TLK14,Swindon,G-T,Services sector,2484,2645,2820,3158,3244,3423,3629,3749,3863,4148,4336,4463,4699,4936,4875,4995,5492,5919,6334,6758,7058,7188,6840,7758,8915
TLK15,Wiltshire,A-E,Production sector,1015,1075,1061,1008,1057,1059,1018,1049,1048,1124,1116,1041,1124,1145,1172,1284,1410,1474,1584,1714,1712,1816,1833,2007,2104
TLK15,Wiltshire,F (41-43),Construction,337,375,416,512,544,564,573,610,625,669,661,553,578,595,601,667,700,786,650,694,735,820,641,853,902
TLK15,Wiltshire,G-T,Services sector,4448,4669,4932,5412,5599,5873,6217,6377,6581,6883,7304,7362,7683,7839,8202,8314,8767,8560,8907,9024,9379,9606,9366,10126,11386
TLK23,Somerset CC,A-E,Production sector,1712,1801,1803,1756,1835,1842,1928,1964,2081,1990,2125,2046,2081,2276,2332,2301,2446,2491,2439,2586,2657,2732,2931,2817,2991
TLK23,Somerset CC,F (41-43),Construction,318,376,419,425,474,544,554,613,579,590,619,536,546,551,535,592,651,712,697,806,872,846,758,813,921
TLK23,Somerset CC,G-T,Services sector,4107,4308,4599,4748,4884,5115,5429,5799,6130,6328,6601,6570,6613,6661,6826,6836,7329,7441,7694,8217,8506,8730,8270,9139,10201
TLK24,"Bournemouth, Christchurch and Poole",A-E,Production sector,712,749,704,701,738,730,792,794,849,850,860,806,862,870,984,1053,1015,1026,1015,1137,1131,1155,1065,1082,1126
TLK24,"Bournemouth, Christchurch and Poole",F (41-43),Construction,251,298,332,337,374,435,441,487,462,469,499,436,442,450,495,523,510,629,716,782,791,716,645,732,878
TLK24,"Bournemouth, Christchurch and Poole",G-T,Services sector,3946,4142,4410,4606,4665,5002,5252,5646,5962,6242,6602,6639,6593,6718,6679,7017,7372,7460,7919,8513,8500,8955,8662,9635,10342
TLK25,Dorset,A-E,Production sector,1054,1110,1140,1025,1050,980,992,1007,985,965,1122,978,1095,1115,1221,1299,1321,1184,1219,1249,1520,1504,1470,1589,1806
TLK25,Dorset,F (41-43),Construction,246,293,326,331,365,424,431,474,448,455,487,428,433,442,436,477,526,530,528,563,602,629,538,653,748
TLK25,Dorset,G-T,Services sector,2865,3052,3293,3407,3476,3627,3795,4037,4291,4420,4683,4624,4655,4692,4801,4797,5059,5237,5341,5614,5831,6069,5847,6441,7031
TLK30,Cornwall and Isles of Scilly,A-E,Production sector,993,956,974,988,1097,1178,1165,1170,1186,1207,1346,1323,1288,1358,1412,1497,1639,1612,1613,1833,1814,1819,1813,1894,2058
TLK30,Cornwall and Isles of Scilly,F (41-43),Construction,314,347,389,390,451,482,519,606,620,656,636,564,589,599,623,687,745,838,879,988,991,1020,1032,1050,1240
TLK30,Cornwall and Isles of Scilly,G-T,Services sector,3621,3777,4010,4289,4574,4990,5216,5494,5980,6074,6400,6102,6212,6363,6551,6658,6804,7021,7445,8018,8311,8645,8105,9657,10554
TLK41,Plymouth,A-E,Production sector,717,749,703,770,748,738,761,719,783,801,873,804,798,875,932,982,979,962,979,1055,1069,1120,1050,1161,1371
TLK41,Plymouth,F (41-43),Construction,122,148,156,156,188,219,241,248,256,261,253,235,251,249,239,243,259,310,303,280,323,358,273,333,366
TLK41,Plymouth,G-T,Services sector,1934,2027,2108,2218,2335,2513,2814,2980,3165,3200,3342,3361,3486,3548,3619,3696,3809,3942,4136,4234,4332,4395,4165,4760,5233
TLK42,Torbay,A-E,Production sector,134,130,129,136,127,116,125,123,129,120,123,122,125,130,121,116,136,122,134,140,123,127,123,144,142
TLK42,Torbay,F (41-43),Construction,34,42,43,44,53,61,67,69,72,72,71,67,71,71,62,68,69,82,79,83,81,83,60,80,99
TLK42,Torbay,G-T,Services sector,988,1053,1083,1131,1178,1248,1393,1464,1543,1576,1615,1547,1585,1572,1591,1661,1662,1653,1677,1668,1635,1722,1657,1985,2163
TLK43,Devon CC,A-E,Production sector,1924,1907,1884,1897,1967,1889,1874,1849,2006,2034,2177,2171,2221,2311,2381,2500,2616,2575,2582,2862,2829,2766,2675,2957,3232
TLK43,Devon CC,F (41-43),Construction,559,672,704,714,846,1007,1113,1128,1161,1177,1160,1031,1091,1047,1049,1142,1202,1391,1404,1507,1528,1594,1280,1544,1792
TLK43,Devon CC,G-T,Services sector,6203,6513,6756,7122,7470,7982,8760,9233,9720,9849,10214,10079,10452,10621,10860,11221,11597,11999,12458,12949,13207,13854,13062,15507,17029
TLL11,Isle of Anglesey,A-E,Production sector,155,145,152,148,161,175,179,178,183,197,196,178,153,160,158,168,164,188,211,209,217,249,238,210,251
TLL11,Isle of Anglesey,F (41-43),Construction,31,32,33,36,38,40,42,48,51,56,55,47,48,49,49,47,54,58,62,62,57,61,55,69,81
TLL11,Isle of Anglesey,G-T,Services sector,393,408,425,447,456,505,597,602,622,610,619,582,601,639,664,664,667,695,729,749,808,841,721,861,1013
TLL12,Gwynedd,A-E,Production sector,362,333,336,319,383,422,407,440,480,494,511,487,456,478,466,502,456,456,421,453,388,412,388,405,400
TLL12,Gwynedd,F (41-43),Construction,85,88,90,100,109,113,116,137,143,154,145,119,121,120,133,137,149,155,144,158,204,208,181,214,200
TLL12,Gwynedd,G-T,Services sector,882,899,940,986,1027,1109,1204,1270,1349,1367,1394,1383,1388,1442,1499,1561,1575,1615,1659,1734,1797,1844,1648,1808,2011
TLL13,Conwy and Denbighshire,A-E,Production sector,301,284,302,289,319,325,330,295,292,295,310,298,305,329,318,342,391,372,390,468,508,499,496,435,475
TLL13,Conwy and Denbighshire,F (41-43),Construction,132,137,140,155,167,174,180,210,222,240,230,191,194,194,197,242,253,266,302,319,323,350,313,345,392
TLL13,Conwy and Denbighshire,G-T,Services sector,1400,1432,1490,1576,1678,1799,1927,2025,2123,2142,2179,2132,2215,2296,2341,2463,2510,2598,2681,2800,2826,2901,2813,3016,3263
TLL14,South West Wales,A-E,Production sector,1028,934,960,982,969,1037,1239,1057,930,1137,1124,968,1000,999,1154,1382,1473,2012,1984,1992,1769,1967,1629,1508,1945
TLL14,South West Wales,F (41-43),Construction,207,214,220,242,258,272,282,326,347,376,367,309,316,323,312,332,337,342,352,376,399,425,339,412,478
TLL14,South West Wales,G-T,Services sector,2376,2414,2500,2665,2824,3033,3299,3468,3687,3740,3820,3736,3842,3960,4049,4157,4094,4146,4301,4399,4708,4943,4829,5321,5779
TLL15,Central Valleys,A-E,Production sector,722,710,726,686,752,753,723,758,805,802,862,1052,1238,1309,1357,1404,1461,1336,1345,1336,1321,1298,1238,1192,1387
TLL15,Central Valleys,F (41-43),Construction,147,153,157,172,183,193,201,230,247,269,266,226,230,237,255,273,352,387,404,427,464,470,410,493,633
TLL15,Central Valleys,G-T,Services sector,1704,1748,1812,1889,1990,2119,2303,2445,2590,2662,2739,2732,2757,2829,2883,2982,3001,3035,3235,3319,3392,3522,3425,3510,3757
TLL16,Gwent Valleys,A-E,Production sector,1108,1071,1157,1071,1089,1120,1134,1143,1149,1127,1128,1099,1195,1294,1300,1350,1312,1422,1482,1608,1699,1722,1640,1612,1721
TLL16,Gwent Valleys,F (41-43),Construction,140,146,149,164,172,185,192,220,234,254,250,209,219,230,229,209,247,262,251,279,304,329,251,316,431
TLL16,Gwent Valleys,G-T,Services sector,1671,1705,1767,1886,1968,2086,2235,2365,2526,2566,2596,2590,2625,2742,2806,2945,3031,3052,3135,3192,3313,3535,3428,3713,4116
TLL17,Bridgend and Neath Port Talbot,A-E,Production sector,1036,1027,1095,943,968,990,939,946,1066,1096,1178,1049,1271,1263,1267,1376,1549,1495,1372,1363,1309,1437,1379,1487,1483
TLL17,Bridgend and Neath Port Talbot,F (41-43),Construction,182,189,193,213,225,239,248,286,304,331,325,275,283,293,286,312,317,368,402,437,466,474,351,398,466
TLL17,Bridgend and Neath Port Talbot,G-T,Services sector,1760,1794,1861,1962,2024,2144,2305,2432,2565,2624,2666,2655,2725,2808,2887,2979,3008,3079,3291,3489,3703,3995,3787,3997,4354
TLL18,Swansea,A-E,Production sector,403,382,406,421,466,484,486,503,483,495,491,418,414,430,402,418,424,351,343,367,374,396,367,365,400
TLL18,Swansea,F (41-43),Construction,132,137,141,153,162,170,178,202,220,242,245,215,213,218,236,251,283,281,283,290,305,290,230,259,270
TLL18,Swansea,G-T,Services sector,2047,2102,2179,2321,2396,2567,2840,3024,3185,3309,3460,3596,3581,3676,3777,3848,4192,4171,4415,4586,4858,5028,4755,4878,5104
TLL21,Monmouthshire and Newport,A-E,Production sector,740,757,821,745,739,771,805,836,913,959,939,901,953,995,1038,1041,1058,1124,1063,1124,1219,1191,1198,1139,1173
TLL21,Monmouthshire and Newport,F (41-43),Construction,159,188,194,225,236,255,270,296,315,309,297,271,279,279,267,282,289,327,328,304,355,392,379,379,450
TLL21,Monmouthshire and Newport,G-T,Services sector,2076,2161,2318,2460,2565,2791,2968,3058,3181,3316,3256,3229,3297,3413,3503,3465,3531,3649,4012,4150,4475,4648,4405,4613,5021
TLL22,Cardiff and Vale of Glamorgan,A-E,Production sector,964,1032,1089,1011,1047,1076,991,1052,1222,1254,1219,1307,1228,1237,1385,1535,1659,1751,1783,1816,1790,1982,1850,1471,1648
TLL22,Cardiff and Vale of Glamorgan,F (41-43),Construction,416,447,467,533,581,617,629,764,775,772,834,652,663,691,624,650,679,735,784,801,858,833,836,759,767
TLL22,Cardiff and Vale of Glamorgan,G-T,Services sector,4905,5237,5508,5824,6186,6705,7120,7427,7750,8363,8265,8573,8627,8938,9402,9508,9708,9907,10514,10893,11148,11678,11475,12627,13803
TLL23,Flintshire and Wrexham,A-E,Production sector,1851,1774,1839,1782,1758,1788,1849,1924,2086,2088,2167,2199,2380,2698,2746,2906,2790,2864,3078,3217,3512,3556,3355,3415,3801
TLL23,Flintshire and Wrexham,F (41-43),Construction,126,143,150,171,177,198,202,244,245,244,263,205,216,217,188,192,202,236,305,314,322,328,334,344,449
TLL23,Flintshire and Wrexham,G-T,Services sector,1836,1900,2038,2165,2239,2421,2579,2652,2796,2935,2982,2966,3029,3143,3409,3477,3518,3660,3605,3620,3749,3968,3874,4183,4475
TLL24,Powys,A-E,Production sector,352,341,351,338,346,371,377,332,311,314,295,296,303,333,341,394,450,446,462,471,494,464,455,504,594
TLL24,Powys,F (41-43),Construction,40,45,47,54,57,62,64,75,77,76,79,65,67,68,62,72,76,81,84,89,100,99,106,99,129
TLL24,Powys,G-T,Services sector,847,880,956,1018,1066,1169,1234,1261,1331,1388,1350,1348,1378,1406,1481,1480,1486,1591,1620,1610,1654,1705,1664,1697,1827
TLM50,Aberdeen City and Aberdeenshire,A-E,Production sector,2695,2541,2450,2570,2676,2450,2522,2769,3273,3682,4227,4047,4107,4100,4584,4831,5098,5066,4212,4328,4226,4341,3864,4049,4481
TLM50,Aberdeen City and Aberdeenshire,F (41-43),Construction,520,490,519,536,561,589,676,710,750,816,935,727,759,798,807,843,862,928,930,1013,971,972,798,690,770
TLM50,Aberdeen City and Aberdeenshire,G-T,Services sector,5018,5183,5442,5963,6227,6532,6926,7213,8121,9096,9889,9995,10296,10762,11206,11983,12497,11952,11340,11141,11491,11619,10721,11349,12655
TLM61,"Caithness and Sutherland, and Ross and Cromarty",A-E,Production sector,274,256,276,250,269,288,305,319,315,319,326,321,305,363,397,378,419,391,376,414,421,475,463,509,547
TLM61,"Caithness and Sutherland, and Ross and Cromarty",F (41-43),Construction,72,83,86,82,85,108,117,130,134,142,158,136,138,141,133,147,146,147,148,153,149,161,136,170,213
TLM61,"Caithness and Sutherland, and Ross and Cromarty",G-T,Services sector,649,701,722,784,796,884,941,989,1055,1074,1119,1101,1113,1156,1187,1245,1285,1262,1307,1399,1434,1487,1464,1542,1702
TLM62,"Inverness and Nairn, Moray, Badenoch and Strathspey",A-E,Production sector,635,571,572,526,564,589,632,649,721,771,958,1026,1167,1287,1287,1301,1311,1405,1329,1466,1493,1486,1295,1451,1551
TLM62,"Inverness and Nairn, Moray, Badenoch and Strathspey",F (41-43),Construction,186,213,223,212,227,267,279,310,317,343,359,293,301,310,303,372,403,411,412,439,458,463,331,449,512
TLM62,"Inverness and Nairn, Moray, Badenoch and Strathspey",G-T,Services sector,1543,1664,1724,1870,1872,2051,2227,2366,2465,2566,2673,2637,2676,2789,2825,2993,3085,3137,3245,3496,3592,3690,3613,3699,4130
TLM63,"Lochaber, Skye and Lochalsh, Arran and Cumbrae, and Argyll and Bute",A-E,Production sector,284,290,296,318,343,370,400,451,472,454,479,474,416,408,426,458,477,476,487,575,550,619,538,575,617
TLM63,"Lochaber, Skye and Lochalsh, Arran and Cumbrae, and Argyll and Bute",F (41-43),Construction,56,65,67,64,68,83,88,98,100,107,116,97,99,102,115,118,124,132,133,138,142,145,109,132,161
TLM63,"Lochaber, Skye and Lochalsh, Arran and Cumbrae, and Argyll and Bute",G-T,Services sector,795,863,905,973,968,1066,1163,1246,1289,1322,1377,1357,1368,1430,1440,1436,1467,1492,1563,1660,1705,1771,1631,1745,1913
TLM64,Na h-Eileanan Siar,A-E,Production sector,36,35,32,36,36,33,35,40,41,40,43,45,49,52,57,60,69,59,60,64,71,94,85,85,83
TLM64,Na h-Eileanan Siar,F (41-43),Construction,16,18,19,18,19,22,24,26,27,29,31,26,27,27,26,25,24,27,24,23,29,30,31,35,42
TLM64,Na h-Eileanan Siar,G-T,Services sector,197,214,224,246,246,277,303,322,330,342,364,361,374,393,388,385,395,393,398,413,424,442,433,461,458
TLM65,Orkney Islands,A-E,Production sector,55,52,49,48,53,53,54,49,54,49,54,53,56,65,57,62,84,65,63,89,95,121,113,117,130
TLM65,Orkney Islands,F (41-43),Construction,21,25,26,24,25,32,34,38,39,42,46,40,40,41,43,38,37,40,36,34,40,39,28,40,44
TLM65,Orkney Islands,G-T,Services sector,198,214,233,253,248,273,308,341,340,360,381,391,399,427,447,426,418,455,448,429,380,394,371,397,429
TLM66,Shetland Islands,A-E,Production sector,127,121,110,117,113,104,123,140,150,140,161,181,179,200,219,220,241,185,179,210,210,243,207,186,184
TLM66,Shetland Islands,F (41-43),Construction,19,22,23,22,24,28,29,32,32,35,37,29,30,31,35,42,62,73,66,54,51,50,43,55,53
TLM66,Shetland Islands,G-T,Services sector,234,249,256,270,278,306,328,337,352,367,389,426,423,460,444,467,480,479,463,497,494,517,489,518,533
TLM71,Angus and Dundee City,A-E,Production sector,844,814,817,784,765,800,782,762,838,855,869,804,842,829,877,1005,1058,1011,1075,1103,1132,1212,1071,1199,1322
TLM71,Angus and Dundee City,F (41-43),Construction,100,117,120,126,142,146,169,181,201,218,212,169,163,169,178,186,210,207,204,252,272,259,194,243,263
TLM71,Angus and Dundee City,G-T,Services sector,1953,1994,2171,2308,2433,2611,2766,2904,3035,3182,3275,3327,3344,3467,3510,3580,3723,3768,3844,3896,4035,4278,4135,4435,4746
TLM72,Clackmannanshire and Fife,A-E,Production sector,1749,1710,1704,1628,1644,1706,1739,1802,1997,2073,2214,2044,2037,1933,1973,2106,2079,2110,2061,2042,2043,2092,2165,2303,2554
TLM72,Clackmannanshire and Fife,F (41-43),Construction,166,195,201,210,236,245,283,301,332,361,346,277,268,274,302,371,460,462,476,540,497,473,366,453,484
TLM72,Clackmannanshire and Fife,G-T,Services sector,2320,2393,2549,2737,2886,3065,3235,3405,3661,3802,3941,3983,4032,4207,4377,4481,4848,5005,5264,5478,5526,5856,5696,6120,6652
TLM73,East Lothian and Midlothian,A-E,Production sector,363,341,326,311,315,333,339,327,372,384,391,384,376,376,376,448,490,462,502,518,530,520,494,589,598
TLM73,East Lothian and Midlothian,F (41-43),Construction,94,111,114,118,134,137,160,171,191,207,206,163,158,166,178,240,269,280,243,263,267,267,201,244,242
TLM73,East Lothian and Midlothian,G-T,Services sector,956,994,1084,1144,1206,1285,1361,1422,1469,1528,1583,1579,1621,1694,1765,1861,1951,2099,2210,2342,2508,2662,2601,2806,3046
TLM75,City of Edinburgh,A-E,Production sector,1332,1216,1234,1166,1116,1067,1146,1135,1329,1319,1470,1418,1342,1269,1209,1285,1358,1365,1478,1516,1533,1784,1849,1820,1818
TLM75,City of Edinburgh,F (41-43),Construction,380,442,453,490,564,594,677,712,789,846,742,553,532,538,591,676,609,590,565,613,643,632,488,605,808
TLM75,City of Edinburgh,G-T,Services sector,7911,8083,8820,9720,10538,11599,12659,13474,13951,14747,14718,15835,15884,15970,16779,17352,18053,18563,20368,21753,22483,23343,21863,24156,27087
TLM76,Falkirk,A-E,Production sector,713,661,662,641,635,709,756,833,844,779,910,860,908,729,685,732,753,962,950,821,732,691,697,812,802
TLM76,Falkirk,F (41-43),Construction,109,129,133,137,152,158,182,193,210,231,223,188,181,181,181,201,218,228,269,370,368,372,274,347,316
TLM76,Falkirk,G-T,Services sector,1245,1251,1316,1415,1481,1587,1663,1767,1910,2011,2119,2144,2133,2275,2304,2350,2443,2369,2341,2478,2714,2932,2829,2915,3081
TLM77,"Perth and Kinross, and Stirling",A-E,Production sector,1040,927,829,778,838,889,952,913,1102,1138,1157,1331,1217,1202,1374,1302,1289,1399,1521,1634,1645,1791,1575,1723,1919
TLM77,"Perth and Kinross, and Stirling",F (41-43),Construction,167,196,201,213,242,253,290,307,339,367,339,265,255,260,292,343,376,393,427,512,518,478,399,431,489
TLM77,"Perth and Kinross, and Stirling",G-T,Services sector,2152,2190,2328,2519,2651,2872,2982,3225,3409,3585,3645,3746,3704,3822,3977,4338,4471,4516,4382,4488,4451,4674,4299,4662,4824
TLM78,West Lothian,A-E,Production sector,652,629,609,568,554,569,584,582,602,599,633,550,592,595,594,578,630,679,776,748,784,789,710,869,987
TLM78,West Lothian,F (41-43),Construction,258,306,315,320,357,363,424,459,509,558,584,480,466,490,458,448,431,485,496,417,461,453,464,589,832
TLM78,West Lothian,G-T,Services sector,1377,1418,1475,1593,1706,1849,1953,2039,2166,2279,2347,2387,2458,2606,2702,2665,2826,2986,2969,3283,3439,3566,3564,3716,3973
TLM81,"East Dunbartonshire, West Dunbartonshire, and Helensburgh and Lomond",A-E,Production sector,324,316,319,334,347,371,404,422,474,458,484,483,473,483,467,431,499,504,521,533,548,565,582,664,757
TLM81,"East Dunbartonshire, West Dunbartonshire, and Helensburgh and Lomond",F (41-43),Construction,70,75,82,80,82,94,94,106,118,125,141,112,112,117,110,129,135,151,134,141,131,125,106,120,142
TLM81,"East Dunbartonshire, West Dunbartonshire, and Helensburgh and Lomond",G-T,Services sector,1492,1544,1607,1725,1769,1854,1974,2146,2203,2244,2331,2301,2300,2393,2415,2508,2653,2683,2842,3016,3153,3283,2984,3208,3471
TLM82,Glasgow City,A-E,Production sector,1669,1502,1423,1407,1450,1515,1602,1706,1871,1852,2053,2018,1857,1915,2017,2024,1897,1845,1709,2000,2010,2173,2539,2535,2855
TLM82,Glasgow City,F (41-43),Construction,652,707,761,759,802,865,850,961,1030,1091,1142,903,916,943,892,938,921,1001,1034,1129,1074,1093,892,1063,1192
TLM82,Glasgow City,G-T,Services sector,8436,8838,9197,10023,10183,10763,11748,12711,13290,13742,14107,14389,14081,14497,14752,15541,16240,16363,16834,17542,17992,18983,18099,19840,21798
TLM83,"Inverclyde, East Renfrewshire, and Renfrewshire",A-E,Production sector,962,859,918,894,920,913,968,951,1002,858,908,869,843,900,841,824,902,898,885,893,897,962,1193,1202,1073
TLM83,"Inverclyde, East Renfrewshire, and Renfrewshire",F (41-43),Construction,190,204,222,217,224,249,249,279,307,320,349,289,293,301,330,356,388,442,407,470,403,430,332,412,424
TLM83,"Inverclyde, East Renfrewshire, and Renfrewshire",G-T,Services sector,2495,2597,2728,2966,3078,3228,3437,3607,3727,3787,4026,3951,3925,4050,4225,4439,4827,4937,4955,5174,5327,5342,4923,5440,5721
TLM84,North Lanarkshire,A-E,Production sector,1132,1011,1004,1009,1038,1081,1115,1131,1210,1161,1216,1180,1105,1138,1256,1409,1706,1550,1507,1604,1656,1793,1631,1615,1580
TLM84,North Lanarkshire,F (41-43),Construction,357,384,419,409,421,472,473,530,584,609,673,554,561,578,608,629,707,740,747,762,835,846,803,854,1058
TLM84,North Lanarkshire,G-T,Services sector,2292,2388,2482,2740,2858,3019,3239,3478,3611,3703,3956,3960,3989,4061,4035,4150,4483,4697,4937,5350,5410,5635,5579,6035,6570
TLM91,Scottish Borders,A-E,Production sector,513,469,477,463,479,478,461,430,458,457,459,442,435,446,435,468,557,534,471,528,573,574,547,526,547
TLM91,Scottish Borders,F (41-43),Construction,59,64,69,68,72,80,81,91,101,106,115,92,92,95,99,118,113,122,141,129,122,140,121,151,165
TLM91,Scottish Borders,G-T,Services sector,752,777,806,874,907,958,1017,1081,1146,1169,1229,1226,1252,1295,1328,1371,1440,1490,1545,1599,1673,1709,1667,1835,1794
TLM92,Dumfries and Galloway,A-E,Production sector,633,616,656,676,693,727,714,689,763,773,817,814,756,791,792,839,870,825,787,843,869,862,891,932,980
TLM92,Dumfries and Galloway,F (41-43),Construction,79,86,92,91,96,106,108,120,132,139,149,121,121,124,129,141,149,155,168,174,169,177,146,179,183
TLM92,Dumfries and Galloway,G-T,Services sector,1167,1238,1317,1428,1447,1542,1642,1719,1766,1771,1881,1840,1828,1908,1961,2057,2145,2171,2265,2377,2355,2520,2360,2426,2619
TLM93,East Ayrshire and North Ayrshire mainland,A-E,Production sector,795,799,817,759,714,741,720,750,834,851,860,856,864,878,931,957,1002,930,927,973,978,1040,1055,1065,1246
TLM93,East Ayrshire and North Ayrshire mainland,F (41-43),Construction,136,148,159,159,169,184,186,208,228,239,253,204,203,210,211,204,200,227,242,256,240,262,221,260,296
TLM93,East Ayrshire and North Ayrshire mainland,G-T,Services sector,1380,1441,1501,1649,1693,1757,1877,2038,2145,2207,2339,2332,2319,2344,2372,2485,2535,2586,2653,2782,2755,2776,2714,2915,3177
TLM94,South Ayrshire,A-E,Production sector,393,376,421,412,432,446,487,479,527,474,498,502,524,553,530,499,552,520,476,503,538,519,472,429,500
TLM94,South Ayrshire,F (41-43),Construction,47,51,55,55,59,64,64,72,78,82,85,68,68,70,75,91,117,119,134,181,187,159,137,141,137
TLM94,South Ayrshire,G-T,Services sector,933,968,1016,1098,1143,1182,1236,1320,1376,1402,1470,1469,1470,1479,1480,1499,1524,1587,1640,1677,1699,1768,1559,1693,1915
TLM95,South Lanarkshire,A-E,Production sector,1036,957,934,932,985,1051,1069,1119,1269,1251,1341,1389,1255,1238,1343,1461,1547,1450,1373,1421,1343,1378,1249,1093,1315
TLM95,South Lanarkshire,F (41-43),Construction,309,336,363,356,369,406,419,465,515,533,577,494,498,504,509,572,617,668,709,706,669,662,596,632,759
TLM95,South Lanarkshire,G-T,Services sector,2151,2245,2312,2509,2605,2756,2960,3185,3398,3487,3673,3644,3693,3807,3854,3948,4046,4108,4298,4668,4729,4841,4631,4944,5389
TLN06,Belfast,A-E,Production sector,633,675,702,722,708,743,782,832,895,898,1016,1045,939,915,940,981,976,1019,998,1014,1099,1243,1190,1132,1209
TLN06,Belfast,F (41-43),Construction,257,306,355,398,415,468,502,577,635,666,604,458,435,429,417,450,452,489,490,481,504,618,493,566,607
TLN06,Belfast,G-T,Services sector,4749,5014,5407,5691,5977,6601,7035,7409,7776,8146,8259,8400,8209,8503,8699,9225,9339,9655,10370,11277,11586,11854,11384,13280,14371
TLN07,"Armagh City, Banbridge and Craigavon",A-E,Production sector,469,475,522,526,532,569,580,595,607,652,644,582,607,602,637,737,769,838,905,891,990,1070,968,1031,1117
TLN07,"Armagh City, Banbridge and Craigavon",F (41-43),Construction,107,126,146,164,167,181,195,225,249,265,249,199,188,187,179,189,206,233,241,251,307,336,284,336,433
TLN07,"Armagh City, Banbridge and Craigavon",G-T,Services sector,1066,1122,1177,1291,1336,1420,1510,1590,1717,1815,1840,1853,1860,1931,1979,2059,2166,2192,2390,2500,2592,2713,2691,2889,3025
TLN08,"Newry, Mourne and Down",A-E,Production sector,291,294,311,305,314,325,340,347,366,385,426,426,433,461,488,568,592,666,697,697,771,777,763,711,809
TLN08,"Newry, Mourne and Down",F (41-43),Construction,105,125,146,163,171,197,212,242,265,277,246,182,172,170,162,172,222,252,262,267,283,304,280,315,357
TLN08,"Newry, Mourne and Down",G-T,Services sector,898,955,1031,1101,1133,1216,1273,1346,1423,1449,1506,1473,1452,1533,1614,1653,1738,1693,1838,1917,1961,2158,2084,2291,2439
TLN09,Ards and North Down,A-E,Production sector,173,179,193,197,199,201,198,201,207,219,226,202,202,212,224,218,212,215,246,259,257,264,227,241,255
TLN09,Ards and North Down,F (41-43),Construction,52,62,73,80,86,104,112,126,138,143,121,84,80,78,65,63,67,78,86,81,94,95,77,91,111
TLN09,Ards and North Down,G-T,Services sector,834,872,921,970,1012,1081,1113,1200,1285,1319,1359,1337,1309,1356,1412,1374,1454,1448,1589,1679,1770,1881,1847,1920,1976
TLN0A,Derry City and Strabane,A-E,Production sector,315,327,333,311,307,377,337,360,386,357,382,368,375,368,402,472,452,506,463,452,516,600,595,560,616
TLN0A,Derry City and Strabane,F (41-43),Construction,54,64,75,84,88,99,107,122,135,141,127,96,91,90,82,89,96,122,150,162,175,213,194,236,290
TLN0A,Derry City and Strabane,G-T,Services sector,920,962,1001,1066,1110,1216,1290,1413,1520,1541,1608,1649,1610,1663,1732,1690,1747,1702,1894,2042,2034,2141,2176,2323,2515
TLN0B,Mid Ulster,A-E,Production sector,594,605,652,644,638,700,688,712,729,779,761,668,777,773,815,1024,1071,1190,1159,1118,1253,1456,1279,1305,1442
TLN0B,Mid Ulster,F (41-43),Construction,184,220,257,285,301,350,376,429,470,491,431,314,298,294,251,253,312,367,417,439,538,523,474,608,671
TLN0B,Mid Ulster,G-T,Services sector,753,803,877,913,939,1030,1093,1138,1206,1243,1245,1215,1229,1274,1326,1301,1348,1280,1421,1539,1596,1699,1650,1855,2071
TLN0C,Causeway Coast and Glens,A-E,Production sector,264,273,297,300,306,318,311,298,318,317,324,325,346,360,383,424,411,414,473,453,418,406,365,358,404
TLN0C,Causeway Coast and Glens,F (41-43),Construction,76,90,105,117,122,137,147,169,186,196,178,135,128,127,114,117,112,142,169,197,194,202,160,179,198
TLN0C,Causeway Coast and Glens,G-T,Services sector,780,825,913,916,945,1036,1089,1161,1244,1274,1285,1265,1263,1325,1369,1342,1389,1355,1424,1504,1544,1637,1608,1793,1902
TLN0D,Antrim and Newtownabbey,A-E,Production sector,401,406,407,398,413,368,380,386,406,415,377,342,364,363,398,465,529,558,578,606,638,673,713,724,661
TLN0D,Antrim and Newtownabbey,F (41-43),Construction,141,167,193,219,226,248,266,308,339,356,333,260,249,246,209,213,204,246,263,262,268,305,274,318,376
TLN0D,Antrim and Newtownabbey,G-T,Services sector,1066,1125,1226,1310,1342,1459,1510,1552,1643,1742,1773,1778,1798,1881,1935,1862,1983,1997,2084,2234,2278,2416,2422,2505,2709
TLN0E,Lisburn and Castlereagh,A-E,Production sector,247,258,283,280,271,287,284,296,300,304,314,300,305,305,330,388,351,385,388,374,429,477,437,486,517
TLN0E,Lisburn and Castlereagh,F (41-43),Construction,103,121,140,160,163,176,189,220,243,255,244,195,186,184,188,218,249,295,290,327,398,476,431,477,621
TLN0E,Lisburn and Castlereagh,G-T,Services sector,1093,1144,1220,1303,1354,1453,1499,1577,1677,1745,1749,1770,1765,1823,1945,1920,2024,2088,2263,2315,2383,2493,2392,2600,2769
TLN0F,Mid and East Antrim,A-E,Production sector,1151,1187,1294,1164,1208,1165,1241,1173,1220,1210,1314,1564,1501,1285,1596,1595,1471,1737,1561,1168,678,723,753,724,813
TLN0F,Mid and East Antrim,F (41-43),Construction,59,70,82,90,94,107,115,132,145,153,137,103,97,96,82,90,105,119,145,146,148,155,141,152,181
TLN0F,Mid and East Antrim,G-T,Services sector,717,757,829,864,880,946,1007,1041,1092,1122,1154,1126,1127,1178,1245,1218,1275,1307,1385,1450,1530,1614,1503,1705,1774
TLN0G,Fermanagh and Omagh,A-E,Production sector,293,302,326,317,330,343,351,364,377,388,381,341,336,320,357,354,374,416,458,489,561,612,606,643,713
TLN0G,Fermanagh and Omagh,F (41-43),Construction,64,76,88,99,103,117,125,144,159,165,151,114,109,108,98,97,121,156,179,186,195,198,178,201,222
TLN0G,Fermanagh and Omagh,G-T,Services sector,703,737,772,828,855,930,988,1069,1139,1149,1181,1196,1182,1217,1301,1220,1303,1241,1315,1385,1421,1485,1472,1637,1725
