ITL_code,Region_name,SIC07_code,SIC07_description,1998,1999,2000,2001,2002,2003,2004,2005,2006,2007,2008,2009,2010,2011,2012,2013,2014,2015,2016,2017,2018,2019,2020,2021,2022,2023
TLC3,Tees Valley,A-E,Production sector,1979,2054,2061,1918,2037,2272,2190,2083,2094,2080,2119,1989,1976,2126,2287,2262,2307,2567,2468,2252,2364,2361,2487,2417,2184,1995
TLC3,Tees Valley,F (41-43),Construction,1083,1224,1294,1219,1167,1291,1245,1230,1170,1225,1092,1046,993,1057,986,999,1055,1044,1022,1002,1018,1050,807,1010,987,1079
TLC3,Tees Valley,G-T,Services sector,6958,7247,7627,8084,8355,8650,9391,9508,10033,9950,9921,9863,10071,10369,10506,10568,11064,11651,11719,11750,11815,11852,10525,11627,12537,12413
TLC4,"Northumberland, Durham and Tyne & Wear",A-E,Production sector,6725,6822,6972,7472,8178,8551,8778,8622,9301,9340,9327,8711,8632,8067,8261,8351,8520,8865,8605,8627,8780,9283,9366,9241,8283,8887
TLC4,"Northumberland, Durham and Tyne & Wear",F (41-43),Construction,3169,3311,3137,3137,3263,3152,3240,3215,3199,2964,2697,2306,2467,2652,2563,2560,2642,2775,2601,2607,2566,2717,2022,2722,3050,3486
TLC4,"Northumberland, Durham and Tyne & Wear",G-T,Services sector,23426,23428,24155,25253,26039,26778,28901,29701,30339,30241,29807,28969,29551,30449,30920,30484,30895,31476,31919,33156,33241,34016,29072,33140,35323,35700
TLD1,Cumbria,A-E,Production sector,2693,2819,2478,2451,2572,2663,2698,2918,3142,2936,3157,2821,2678,2474,2682,2701,3162,3276,3113,3183,3193,3318,3599,3521,3831,3986
TLD1,Cumbria,F (41-43),Construction,862,933,935,838,881,938,960,899,942,978,979,836,872,939,908,937,882,953,899,871,859,809,639,866,816,867
TLD1,Cumbria,G-T,Services sector,6989,7078,7341,7257,7415,7802,7903,7945,8391,8465,8558,8389,8740,8634,8870,8945,8929,9029,9038,9106,9091,9461,7634,8164,9089,9017
TLD3,Greater Manchester,A-E,Production sector,6269,6994,7127,7417,7462,7673,7642,7530,8015,7875,7732,7589,7596,7128,7410,7792,8058,8462,8381,8744,9284,9425,10486,9842,9470,9050
TLD3,Greater Manchester,F (41-43),Construction,5553,5507,5249,5320,5214,5160,5639,5382,5184,5362,5153,4317,4105,4173,4339,4353,4277,4311,4377,4670,4778,4470,4185,5170,5500,5884
TLD3,Greater Manchester,G-T,Services sector,39634,40660,41906,43487,44773,45786,47254,50063,51596,53896,53286,52951,54720,54614,56378,57669,58443,60441,61802,65374,66998,68934,62989,69244,76128,77285
TLD4,Lancashire,A-E,Production sector,6696,7298,7450,7665,7826,8224,8641,9152,9183,9156,8341,6540,6284,6472,6621,6996,7433,8101,8155,8250,8157,7897,8832,8881,8458,8489
TLD4,Lancashire,F (41-43),Construction,2608,2578,2744,2598,2655,2683,2783,2564,2420,2372,2297,2016,2286,2509,2303,2364,2344,2568,2575,2611,2484,2501,2358,2674,2638,2757
TLD4,Lancashire,G-T,Services sector,19286,19655,19902,20392,20893,22323,23250,23190,23529,24140,24339,23927,24698,24703,25310,25009,25426,25751,27021,27378,27038,27962,23482,27019,28488,28328
TLD6,Cheshire,A-E,Production sector,5823,6085,6161,7604,7289,6565,7726,8191,8512,8331,7698,7113,7063,6976,7673,8058,8615,9014,8978,8287,8278,8220,8513,8179,8148,8901
TLD6,Cheshire,F (41-43),Construction,2055,2225,2103,2082,1983,2006,1915,1979,2102,2029,1926,1564,1592,1718,1639,1733,1776,1767,1819,1907,2056,2004,2038,2270,2272,2497
TLD6,Cheshire,G-T,Services sector,15366,15809,16410,17552,18432,19032,19334,19825,21081,21997,21577,21134,22295,22461,22762,22734,23768,23730,24456,26005,26195,27134,23936,25978,27363,26925
TLD7,Merseyside,A-E,Production sector,4133,4370,4415,4729,4800,5603,5409,5428,6204,5707,5843,5632,5324,5082,4553,4584,5079,5383,4972,5138,5114,5214,5303,5153,4663,4827
TLD7,Merseyside,F (41-43),Construction,2115,2217,2209,2147,2230,2132,2169,2211,2298,2203,2007,1840,1858,1989,1843,1886,1956,2047,2077,2242,2110,2083,1933,1892,2243,2492
TLD7,Merseyside,G-T,Services sector,20919,21736,22635,23324,24009,24730,25693,26011,26670,26788,27247,27197,27846,27531,27705,27945,28636,29017,29188,29812,29796,31096,26926,31238,32738,32554
TLE1,East Yorkshire and Northern Lincolnshire,A-E,Production sector,4876,5033,5459,5398,5651,6051,6211,6028,6684,6409,6646,6481,5751,5094,5358,5515,5704,6616,6864,6754,7093,7433,7307,8853,8196,7859
TLE1,East Yorkshire and Northern Lincolnshire,F (41-43),Construction,1533,1651,1526,1453,1615,1711,1646,1727,1729,1595,1477,1127,1316,1292,1288,1314,1419,1438,1303,1388,1381,1365,1251,1610,1621,1644
TLE1,East Yorkshire and Northern Lincolnshire,G-T,Services sector,11508,11374,11801,12580,12947,13328,13750,13797,14184,14634,14499,13926,13804,13908,13803,13756,14043,14180,14271,14741,14723,14920,12653,15012,15190,15230
TLE2,North Yorkshire,A-E,Production sector,3245,3370,3588,3708,4130,4293,4175,4256,4465,4334,4293,3923,3701,3849,3803,3845,4027,3945,3995,3932,4089,4239,4564,4472,4305,4493
TLE2,North Yorkshire,F (41-43),Construction,1809,1893,1755,1790,1716,1647,1581,1603,1641,1497,1430,1169,1298,1212,1245,1249,1249,1309,1286,1285,1243,1286,990,1365,1501,1708
TLE2,North Yorkshire,G-T,Services sector,13484,13709,14161,14820,15709,16321,16853,16770,16633,17355,16985,16386,16496,17080,17204,17370,17417,17350,17752,18822,18410,18554,16252,18817,19956,19876
TLE3,South Yorkshire,A-E,Production sector,3924,3993,4151,4385,4580,4723,4358,4316,4439,4590,4191,3825,3976,3954,4112,4108,4200,4335,4132,4286,4417,4496,4741,4659,4353,4274
TLE3,South Yorkshire,F (41-43),Construction,2439,2343,2524,2586,2641,2579,2584,2624,2724,2695,2512,2000,2083,2214,2167,2199,2274,2238,2224,2364,2252,2310,1970,2211,2582,2574
TLE3,South Yorkshire,G-T,Services sector,16180,16221,16656,17604,18013,18813,19998,20144,20745,21667,20828,20459,20771,21148,21707,21866,22205,22855,23119,23634,23386,23747,21641,23994,25523,25516
TLE4,West Yorkshire,A-E,Production sector,6860,7218,7277,8136,8200,8343,8143,8250,8952,9184,9138,8849,8520,8068,8502,8787,8937,9605,9436,9372,9858,9965,9688,10287,9845,9448
TLE4,West Yorkshire,F (41-43),Construction,4169,4588,4445,4222,4152,4154,4322,4512,4692,4223,3636,2931,3068,3314,3219,3365,3364,3573,3527,3687,3734,3826,3039,3636,4152,4543
TLE4,West Yorkshire,G-T,Services sector,31849,33366,34435,34829,35569,37653,39575,41245,41336,43877,42901,41606,42167,43439,43837,43922,44713,46054,46683,48214,49811,49911,44583,50180,53460,53730
TLF1,Derbyshire and Nottinghamshire,A-E,Production sector,9478,10473,10550,10816,11093,11496,12029,12183,12574,12125,11512,10385,10667,11161,11433,12128,11984,11474,11117,10834,11356,12241,13321,13189,11565,11486
TLF1,Derbyshire and Nottinghamshire,F (41-43),Construction,3916,4099,3806,3758,3969,3693,3698,4025,4193,3981,3827,3039,3171,3527,3518,3524,3490,3582,3591,3645,3519,3594,3503,3770,4162,4143
TLF1,Derbyshire and Nottinghamshire,G-T,Services sector,28877,28759,29305,30200,30344,30917,32306,33741,33893,34607,35006,34201,35691,36289,36613,36618,37251,38158,38981,39901,40504,40178,35912,39052,41200,40992
TLF2,"Leicestershire, Rutland and Northamptonshire",A-E,Production sector,6076,6160,6675,7149,7408,7827,7936,7393,8052,8203,8385,8050,8184,8030,8642,9294,9482,9852,9797,9673,10244,10533,9986,10501,9246,9159
TLF2,"Leicestershire, Rutland and Northamptonshire",F (41-43),Construction,3904,4042,4414,4110,3891,3658,3993,4087,3834,3695,3153,2708,2820,2916,2830,3017,3261,3643,3482,3619,3733,3874,3050,3915,4382,4742
TLF2,"Leicestershire, Rutland and Northamptonshire",G-T,Services sector,26110,26671,27508,27705,27656,28989,29851,30863,33006,33793,34269,32559,34000,33747,34138,34555,35597,36001,37152,37674,38380,38158,33824,38084,40157,40380
TLF3,Lincolnshire,A-E,Production sector,2850,3072,3204,3320,3588,3676,3281,3400,3381,3409,3599,3346,3106,3326,3277,3428,3639,3573,3789,3887,4013,4104,4029,4068,3772,3992
TLF3,Lincolnshire,F (41-43),Construction,1153,1303,1268,1356,1337,1342,1376,1235,1286,1162,1131,954,1065,1055,1017,1122,1106,1218,1179,1229,1082,1124,1029,1165,1239,1270
TLF3,Lincolnshire,G-T,Services sector,8873,8769,9121,9607,9678,10016,10032,10216,10917,11083,11271,10843,11036,11080,11443,11697,11861,11642,11490,12070,12225,12640,11126,12370,12531,12375
TLG1,"Herefordshire, Worcestershire and Warwickshire",A-E,Production sector,4583,4790,5394,5475,5430,5595,5576,5500,6266,6063,6208,5601,5711,6297,6454,7035,7897,8814,8670,9549,10054,9769,9529,9887,9153,10166
TLG1,"Herefordshire, Worcestershire and Warwickshire",F (41-43),Construction,2587,2983,2837,2809,2621,2633,2949,2734,2710,2659,2500,1952,2083,2272,2334,2532,2529,2581,2446,2710,2599,2778,2231,2462,2688,2802
TLG1,"Herefordshire, Worcestershire and Warwickshire",G-T,Services sector,20018,20932,21447,21295,21587,22363,22640,23255,23767,23228,23542,23086,23928,24746,25653,26169,26881,27203,27252,28764,28992,28773,26396,27679,30448,30650
TLG2,Shropshire and Staffordshire,A-E,Production sector,6330,6381,6504,6793,7171,7087,6837,6682,7043,6837,6979,6004,6067,6408,6486,6734,7118,7020,7011,7141,7629,7544,7676,8600,7660,7371
TLG2,Shropshire and Staffordshire,F (41-43),Construction,3231,2991,3109,3033,3053,3018,2992,3030,3134,2777,2493,2046,2258,2475,2323,2533,2571,2854,2865,2954,2802,2798,2389,2698,2869,2809
TLG2,Shropshire and Staffordshire,G-T,Services sector,20377,20728,21081,21509,21973,22857,24386,24948,25155,25340,26031,25112,25683,26233,26416,26587,26912,27186,27880,28761,29157,29429,26064,30468,30028,30061
TLG3,West Midlands,A-E,Production sector,12158,12874,13265,14209,13405,13626,12986,12265,12328,12121,11771,10620,10675,11057,11162,11890,12937,13474,13329,13052,12708,11887,11138,11110,10330,10877
TLG3,West Midlands,F (41-43),Construction,4792,4976,4768,4951,5400,5021,5075,5141,5268,5285,4563,3662,4016,3821,3744,3844,4247,4110,4196,4162,4165,4286,4085,4289,5049,5188
TLG3,West Midlands,G-T,Services sector,40663,41507,42590,44124,44644,45949,47460,49045,49057,50445,50332,48273,50264,51260,52000,52357,53338,54895,58204,60055,61213,61133,52158,58241,60736,60824
TLH2,Bedfordshire and Hertfordshire,A-E,Production sector,5600,5970,6216,6428,6506,6845,6720,7433,8063,8302,8928,7674,7090,6649,6618,7115,7575,7661,7621,7774,7618,7782,8038,8426,7870,8347
TLH2,Bedfordshire and Hertfordshire,F (41-43),Construction,4916,5315,5526,5341,5457,5067,4891,5020,4685,4551,4397,3588,3941,4447,4580,4971,5352,5827,5743,5961,5767,5599,4883,5087,5239,5321
TLH2,Bedfordshire and Hertfordshire,G-T,Services sector,28378,29541,31636,32468,32634,34072,34980,36383,36674,37651,38194,36795,37201,36987,37312,38987,41338,42268,43651,47029,47495,48638,42624,47371,49887,50050
TLH3,Essex,A-E,Production sector,4906,4860,5097,5485,5468,5733,5700,5804,6362,6234,6439,5712,5723,5527,5579,5551,5732,5573,5580,5557,5642,5488,5474,5612,5794,5610
TLH3,Essex,F (41-43),Construction,4686,4683,4550,4823,4852,4924,4536,4507,4418,4433,3947,3716,4173,4486,4142,4435,4984,5264,5080,5640,5555,5463,4287,5200,6481,6795
TLH3,Essex,G-T,Services sector,24948,25214,26824,27836,27824,29961,30241,30642,30932,31399,31506,30571,31536,31017,31741,31729,32759,33746,35131,37517,37932,37966,32783,37340,38410,38183
TLH4,Cambridgeshire and Peterborough,A-E,Production sector,2940,3067,3261,3569,3928,3961,3884,4007,4489,4568,4794,4417,4455,4863,4831,4924,5251,4881,4706,4820,4910,5173,5255,5441,5319,5405
TLH4,Cambridgeshire and Peterborough,F (41-43),Construction,1527,1635,1615,1630,1684,1638,1621,1549,1684,1559,1420,1288,1367,1475,1354,1413,1587,1686,1757,1720,1688,1704,1637,1665,1894,1874
TLH4,Cambridgeshire and Peterborough,G-T,Services sector,14656,15321,16034,16311,16241,16656,17110,18210,18553,19374,19180,18427,18909,18776,19545,19453,19849,20353,21129,22487,22860,23036,21252,22967,23482,24169
TLH5,Norfolk,A-E,Production sector,2619,2704,2897,2950,3113,3150,2999,3072,3227,3151,3366,3254,3047,3173,3249,3318,3560,3425,3295,3258,3225,3366,3445,3566,3811,3876
TLH5,Norfolk,F (41-43),Construction,1498,1608,1593,1592,1627,1637,1609,1522,1660,1537,1420,1322,1393,1507,1425,1421,1505,1503,1539,1556,1461,1518,1454,1492,1636,1727
TLH5,Norfolk,G-T,Services sector,11083,11440,12100,12442,12544,12953,13311,13724,14271,14410,14503,14600,14806,14689,15262,15673,15768,15860,16058,16765,16196,17393,15298,16792,16748,16891
TLH6,Suffolk,A-E,Production sector,2734,2836,2976,3111,3196,3247,3109,3103,3320,3267,3361,3199,3048,3088,3181,3191,3372,3491,3438,3528,3486,3649,3622,3477,3405,3618
TLH6,Suffolk,F (41-43),Construction,1402,1502,1483,1500,1549,1505,1498,1433,1549,1429,1298,1179,1249,1344,1308,1346,1406,1511,1560,1624,1778,1861,1867,1847,1924,2051
TLH6,Suffolk,G-T,Services sector,9689,10317,11046,11247,11367,11704,12096,12793,13037,13355,13285,12820,13271,13376,13659,14092,14354,14439,14943,15247,15274,15749,13723,15181,15708,15426
TLI3,Inner London - West,A-E,Production sector,2161,2363,2525,2731,2806,2686,2804,2577,2782,2953,2673,2662,2354,2130,1919,2087,2120,2663,2764,2903,3178,3678,4417,4694,5017,4740
TLI3,Inner London - West,F (41-43),Construction,3497,3821,4522,4516,3796,3670,3406,3082,3347,3703,4266,3531,3773,4119,4601,5411,5532,5534,5235,5169,5032,5105,4132,4202,4967,5298
TLI3,Inner London - West,G-T,Services sector,113574,116383,126706,128421,131560,137615,141809,154230,158320,174464,176168,167451,173396,177562,183905,189559,198961,201783,215659,221884,229171,233239,211468,231078,244304,245724
TLI4,Inner London - East,A-E,Production sector,2608,2757,2880,2909,2970,2851,2924,2828,2912,3026,2852,2931,2844,2844,2829,2979,2635,2791,2818,2848,2945,3043,3297,3555,3248,3459
TLI4,Inner London - East,F (41-43),Construction,3385,3601,4085,4011,3494,3352,3254,3082,3366,3606,3618,3315,3914,4213,4197,4384,4458,4738,4502,4918,5037,4831,3354,3489,4044,4014
TLI4,Inner London - East,G-T,Services sector,56071,58222,64263,66842,68799,72344,75293,81249,84057,91591,94539,90648,93164,99944,102017,103758,108069,110032,113904,116927,117914,118912,104409,111753,123036,124915
TLI5,Outer London - East and North East,A-E,Production sector,3710,3961,3947,4137,3896,3800,3830,3720,4112,4071,4113,3913,3819,3771,3915,4068,4002,3754,3467,3392,3418,3342,2939,3104,3007,2983
TLI5,Outer London - East and North East,F (41-43),Construction,3924,4105,3979,4068,4048,3985,3818,3660,3791,3855,3687,3010,3681,3837,3913,4064,4156,4302,4473,4588,4553,4473,3726,4494,4639,4090
TLI5,Outer London - East and North East,G-T,Services sector,23664,24253,25125,25369,25925,27380,28205,29234,30196,30839,30073,27817,29047,29139,30357,31186,31831,32553,33200,32883,33311,33877,27701,30874,33554,33316
TLI6,Outer London - South,A-E,Production sector,1424,1579,1607,1740,1638,1626,1552,1508,1617,1513,1312,1185,1143,1016,1014,1043,1008,981,979,1007,1021,1080,1145,1069,992,1075
TLI6,Outer London - South,F (41-43),Construction,3119,3246,3165,3174,3083,2994,2871,2762,2852,2938,2832,2322,2630,2793,2910,2833,2947,2829,2806,3094,2940,2934,2427,2452,2690,2414
TLI6,Outer London - South,G-T,Services sector,24006,24894,25932,25998,26362,27614,28323,29389,29887,31302,30616,28653,29108,28840,29593,29844,30999,30784,31502,31131,31459,31653,26750,28397,30293,30538
TLI7,Outer London - West and North West,A-E,Production sector,3397,3827,3999,4228,4237,4034,3949,3952,4260,4036,3827,4099,3938,3688,3828,3929,3782,3677,3687,3748,4128,4188,4096,4314,4028,4217
TLI7,Outer London - West and North West,F (41-43),Construction,4715,4948,4841,4885,4811,4693,4514,4315,4459,4562,4444,3747,4299,4544,4773,4995,5382,5709,5784,6053,6189,5939,4996,5543,5921,4926
TLI7,Outer London - West and North West,G-T,Services sector,41707,43236,46122,45093,45434,47731,49287,51446,54844,57057,55760,51866,53188,54481,56891,59489,63244,63294,64586,64424,64492,64891,50397,51579,60031,59822
TLJ1,"Berkshire, Buckinghamshire and Oxfordshire",A-E,Production sector,8703,9077,9676,10195,10907,11437,11125,11554,11739,11535,11613,10915,10573,10527,10871,10854,11415,11343,11138,11655,12241,12827,13737,13440,12156,11760
TLJ1,"Berkshire, Buckinghamshire and Oxfordshire",F (41-43),Construction,5037,5611,5771,5998,5724,5510,5189,5346,5207,5444,5070,4210,4654,5115,5095,5557,5406,5629,5398,5364,5351,5616,6105,5759,5703,5955
TLJ1,"Berkshire, Buckinghamshire and Oxfordshire",G-T,Services sector,44571,47371,51719,52266,53883,56751,57495,59837,61891,63965,65746,64716,67931,71050,73457,74720,78327,81194,81271,82785,85789,88937,84047,90621,93756,93546
TLJ2,"Surrey, East and West Sussex",A-E,Production sector,6181,7106,7309,7439,8114,8421,8007,7796,8254,8522,8572,7678,7905,7919,8117,8481,8635,9304,9621,10231,10632,10717,10936,10544,9031,8719
TLJ2,"Surrey, East and West Sussex",F (41-43),Construction,6046,6760,6794,6540,7013,6462,6341,5959,6205,6469,6075,5095,5747,5950,5710,5920,6459,6747,6216,6411,6343,6764,5732,6379,6598,6981
TLJ2,"Surrey, East and West Sussex",G-T,Services sector,56509,58079,60689,61263,60625,61314,61430,63824,65693,67355,69300,67891,70338,70000,72212,73088,74296,75756,76162,77215,77339,79137,72549,76511,81941,82061
TLJ3,Hampshire and Isle of Wight,A-E,Production sector,6316,6533,6868,6887,7369,7835,7773,7735,8006,7987,7998,7715,7782,7923,7994,8427,8323,8551,8272,8363,8845,9454,10676,9712,8531,8060
TLJ3,Hampshire and Isle of Wight,F (41-43),Construction,4177,4198,4374,4502,4620,4590,4497,4627,4381,4266,3860,3289,3574,3892,3933,4049,4211,4282,4352,4631,4336,4447,4099,4145,4095,3898
TLJ3,Hampshire and Isle of Wight,G-T,Services sector,33442,33514,35338,36545,37163,37182,38897,40442,40955,42990,44348,43635,46109,46937,47774,48180,49503,50296,50251,51937,52467,54436,47919,52408,54216,54778
TLJ4,Kent,A-E,Production sector,4812,5298,5107,5329,5642,5961,5835,5884,5730,5663,5831,5086,5067,5001,5132,5232,5273,5548,5622,5578,5730,6260,6627,6662,5769,5859
TLJ4,Kent,F (41-43),Construction,4047,4319,3961,4103,4061,4226,4057,4252,4146,4099,3908,3427,3798,4065,4002,4386,4342,4666,4619,4882,4742,4918,4648,5191,5038,5200
TLJ4,Kent,G-T,Services sector,27336,27410,28244,28583,28668,29079,30291,31356,31552,31833,33072,31500,32899,33557,33672,33732,34702,35634,36675,37349,38030,38685,35254,37212,39310,39240
TLK3,Cornwall and Isles of Scilly,A-E,Production sector,1181,1233,1277,1365,1522,1619,1600,1712,1701,1612,1714,1663,1518,1620,1613,1666,1929,1848,1868,2059,2035,2063,2028,2067,1884,1796
TLK3,Cornwall and Isles of Scilly,F (41-43),Construction,852,892,912,860,918,893,906,953,940,914,814,733,824,852,861,921,965,1035,1037,1142,1080,1081,1108,1117,1182,1125
TLK3,Cornwall and Isles of Scilly,G-T,Services sector,6848,6886,7139,7360,7547,7911,7991,8134,8566,8423,8518,8056,8251,8395,8505,8570,8527,8598,8964,9535,9624,9709,8421,10202,10466,10371
TLK4,Devon,A-E,Production sector,2950,3153,3183,3531,3618,3525,3514,3476,3792,3691,3739,3563,3515,3550,3537,3657,3836,3751,3853,4146,4104,4187,4185,4594,4527,4469
TLK4,Devon,F (41-43),Construction,1975,2250,2152,2044,2241,2418,2514,2305,2287,2132,1925,1751,1993,1959,1882,1963,1995,2218,2117,2169,2104,2157,1723,2089,2397,2477
TLK4,Devon,G-T,Services sector,16282,16540,16851,17110,17270,17800,19034,19481,19966,19617,19605,19061,19949,20121,20253,20619,20876,21152,21663,22084,22026,22456,19227,23200,23785,23505
TLK5,West of England,A-E,Production sector,2986,3184,3355,3485,3838,4139,4277,4320,4797,4655,4693,4224,4119,4171,3834,3460,3298,3051,3138,3287,3137,3385,3417,3478,3425,3961
TLK5,West of England,F (41-43),Construction,1940,2040,2067,2384,2354,2231,2135,2056,2035,2000,1816,1540,1725,1802,1810,1893,2098,2236,2252,2452,2261,2329,2108,2532,2585,2417
TLK5,West of England,G-T,Services sector,17554,18078,19187,20279,20427,20804,21292,21600,21499,23032,23713,23395,24684,24555,25819,25977,27432,27914,28893,29547,29596,30335,27696,31395,32781,33626
TLK6,"North Somerset, Somerset and Dorset",A-E,Production sector,5125,5653,5675,5763,6146,6176,6440,6438,6740,6354,6247,5807,5780,5908,5894,5845,6215,6234,6215,6328,6619,6801,7553,7242,6568,6535
TLK6,"North Somerset, Somerset and Dorset",F (41-43),Construction,2501,2795,2832,2778,2816,2920,2796,2781,2558,2412,2328,2057,2246,2325,2274,2408,2469,2623,2627,2818,2741,2600,2347,2691,2839,2932
TLK6,"North Somerset, Somerset and Dorset",G-T,Services sector,23662,24104,25327,25458,24997,25329,25839,26637,27285,27536,27939,27014,27274,27232,27243,27363,28218,28164,28885,30117,30149,30645,26945,29994,31495,31771
TLK7,Gloucestershire and Wiltshire,A-E,Production sector,5631,6140,6325,6784,7264,7833,7648,7950,8531,8901,8803,7914,7797,7468,7530,7767,8209,8455,7964,8075,8314,8662,8185,8148,8597,8721
TLK7,Gloucestershire and Wiltshire,F (41-43),Construction,2441,2595,2604,3077,2947,2727,2635,2520,2489,2474,2221,1896,2133,2242,2240,2355,2477,2652,2421,2530,2376,2409,2004,2616,2458,2515
TLK7,Gloucestershire and Wiltshire,G-T,Services sector,23159,23665,24841,26060,25832,26070,26648,27082,26711,28285,28905,28274,30163,30044,30249,30304,31753,31490,32286,33300,34134,34773,31460,34349,35633,34803
TLL3,North Wales,A-E,Production sector,3028,3113,3308,3461,3591,3777,3866,3910,4263,4193,4100,3932,3924,4259,4128,4308,4228,4246,4506,4708,5011,5175,5241,5252,5112,5349
TLL3,North Wales,F (41-43),Construction,1018,1032,971,1026,1010,988,955,1021,1020,983,899,739,815,832,791,835,859,889,966,992,992,1009,945,1048,1090,1137
TLL3,North Wales,G-T,Services sector,8434,8425,8765,8998,9060,9429,9856,9892,10126,9995,9803,9463,9687,9983,10310,10502,10410,10533,10509,10675,10736,10827,9145,10341,10891,10938
TLL4,Mid and South West Wales,A-E,Production sector,3291,3361,3628,3559,3633,3666,3816,3457,3482,3410,3150,2813,2750,2676,2822,3081,3519,4273,4377,4155,3875,3817,3570,3326,3720,3588
TLL4,Mid and South West Wales,F (41-43),Construction,1240,1221,1147,1178,1150,1106,1083,1120,1152,1146,1060,926,1003,1048,1018,1071,1077,1074,1053,1074,1096,1057,868,995,1050,1073
TLL4,Mid and South West Wales,G-T,Services sector,10954,10870,11187,11547,11609,11981,12565,12766,13091,13110,12966,12639,12866,13074,13226,13295,13410,13434,13964,14265,14872,15129,13146,14211,14710,14646
TLL5,South East Wales,A-E,Production sector,4330,4678,5092,5153,5373,5671,5599,5727,6318,6317,6152,6072,6142,6350,6546,6788,7049,7223,7018,7039,7315,7404,7607,6909,6777,6747
TLL5,South East Wales,F (41-43),Construction,2681,2730,2576,2730,2691,2614,2541,2676,2685,2537,2375,1993,2194,2302,2140,2132,2266,2376,2378,2421,2465,2471,2245,2360,2539,2554
TLL5,South East Wales,G-T,Services sector,19110,19578,20507,21070,21451,22327,23052,23408,23806,24718,24043,23579,23941,24533,25067,25052,25188,25458,26669,27448,28192,28887,25697,28038,29088,28910
TLM0,Eastern Scotland,A-E,Production sector,4006,4169,4186,4385,4492,4752,4824,4826,5410,5331,5292,4983,4798,4576,4640,4806,4752,5020,5235,5282,5293,5424,5370,5503,5485,5026
TLM0,Eastern Scotland,F (41-43),Construction,1184,1314,1232,1212,1263,1195,1297,1241,1323,1319,1154,930,961,1001,1068,1206,1349,1314,1316,1516,1411,1292,1028,1205,1219,1147
TLM0,Eastern Scotland,G-T,Services sector,11412,11445,12120,12433,12615,13058,13251,13645,13888,14243,14265,14268,14530,14905,15131,15497,15956,16002,16003,16250,16031,16539,14268,15750,16319,16627
TLM1,East Central Scotland,A-E,Production sector,2714,2760,2960,3131,3227,3284,3468,3567,4112,3877,4067,3804,3584,3203,3082,3229,3469,3810,4121,3862,3892,4035,4223,4549,4330,4077
TLM1,East Central Scotland,F (41-43),Construction,2317,2572,2411,2374,2478,2343,2544,2438,2602,2593,2274,1827,1889,1973,1963,2115,1987,1969,1871,1936,1902,1834,1525,1908,2235,2384
TLM1,East Central Scotland,G-T,Services sector,21005,21075,22639,23520,24481,25768,26478,27577,27073,29484,29426,29168,29947,29777,30798,30580,31213,31764,33372,35461,36431,37045,32272,35516,37993,38902
TLM2,Highlands and Islands,A-E,Production sector,1691,1672,1679,1731,1852,1945,2076,2171,2268,2211,2403,2486,2452,2535,2567,2650,2789,2854,2820,3022,3041,3149,3087,3103,3068,3026
TLM2,Highlands and Islands,F (41-43),Construction,1039,1127,1070,952,929,1022,1012,1015,1002,987,977,831,911,951,926,1007,1041,1039,987,996,967,962,736,951,944,957
TLM2,Highlands and Islands,G-T,Services sector,7214,7594,7714,8002,7735,8185,8626,8918,8977,8955,9077,8933,9087,9450,9378,9569,9610,9419,9493,9967,9879,10007,8729,9424,10153,10240
TLM3,West Central Scotland,A-E,Production sector,4266,4165,4357,4794,5064,5350,5595,5655,6155,5660,5750,5436,4971,5008,4965,5060,5244,5201,5094,5364,5442,5753,6676,6893,6070,6152
TLM3,West Central Scotland,F (41-43),Construction,3463,3535,3493,3239,3119,3125,2916,2959,3094,2995,2967,2430,2639,2765,2682,2755,2782,2888,2754,2906,2675,2657,2273,2686,2758,2990
TLM3,West Central Scotland,G-T,Services sector,24037,24683,25630,26702,26423,27021,28280,29747,29874,30582,31151,30300,30159,30847,31062,31953,33386,33622,34246,35693,36058,36756,31522,35771,38007,38309
TLM5,North Eastern Scotland,A-E,Production sector,2777,2731,2640,2892,3057,2834,2968,3261,3924,4261,4572,4343,4214,4073,4361,4498,5076,6305,5535,5374,4825,5057,5103,4789,4130,3887
TLM5,North Eastern Scotland,F (41-43),Construction,1441,1281,1237,1198,1153,1103,1191,1128,1147,1147,1209,955,1068,1142,1122,1137,1120,1152,1105,1178,1065,1038,855,742,870,963
TLM5,North Eastern Scotland,G-T,Services sector,8577,8664,8979,9393,9476,9687,10041,10222,11325,12241,12902,12788,13300,13817,14201,14976,15352,14304,13358,13017,13097,12910,10698,11453,12027,12143
TLM9,Southern Scotland,A-E,Production sector,4218,4362,4571,4800,4889,5159,5171,5270,5622,5211,5128,4875,4486,4561,4436,4606,4952,4765,4573,4629,4661,4737,4720,4640,4549,4523
TLM9,Southern Scotland,F (41-43),Construction,1728,1775,1743,1610,1551,1551,1484,1492,1576,1513,1512,1282,1374,1430,1416,1501,1536,1593,1645,1673,1520,1494,1311,1536,1587,1688
TLM9,Southern Scotland,G-T,Services sector,11862,12078,12343,12803,12713,12911,13338,13912,14223,14087,14454,14012,14220,14494,14519,14766,14888,14861,15179,15826,15519,15553,13203,14517,15121,15310
TLN0,Northern Ireland,A-E,Production sector,6592,6946,7528,7700,7918,8171,8334,8578,8850,8618,8493,8209,7731,7384,7817,8389,8457,8973,8905,8193,8232,9007,8999,8960,8431,8211
TLN0,Northern Ireland,F (41-43),Construction,3255,3657,3881,4082,3924,4038,4093,4238,4498,4336,3614,2792,2847,2859,2551,2608,2765,3084,3192,3257,3418,3666,3214,3746,3886,4324
TLN0,Northern Ireland,G-T,Services sector,24805,25457,27037,27575,27709,29104,29834,30836,31590,31727,31304,30407,30260,31359,32040,31948,32631,32243,34194,35979,36069,36587,31724,36625,38384,38930
